x,mtrue,utrue,forcing,distribution,omega
0.0,0.13533528323662536,0.3613352646579882,-14.578781335453145,0.7977499210096819,1.0
0.0009765625,0.13799795211026644,0.36607103421813963,-14.72768960643606,0.8024303054157443,
0.001953125,0.14069958915640535,0.37080657355242364,-14.823801501109065,0.8071227547611031,
0.0029296875,0.14344043695375983,0.37554174902622595,-14.867863047470726,0.8118271600746608,
0.00390625,0.146220731491354,0.38027638975380423,-14.913347533673594,0.8165434110630139,
0.0048828125,0.14904070194926458,0.3850103174699761,-14.960213110566995,0.8212713961111846,
0.005859375,0.15190057047838396,0.3897433539361471,-15.008416010523336,0.8260110022834847,
0.0068359375,0.15480055197930956,0.39447532094702126,-15.057910513090123,0.8307621153245068,
0.0078125,0.15774085388046993,0.39920604033730905,-15.108648909987378,0.8355246196602537,
0.0087890625,0.160721675915601,0.4039353339884356,-15.160581469785525,0.8402983983993941,
0.009765625,0.16374320990068836,0.4086630238352455,-15.213656402897268,0.8450833333346556,
0.0107421875,0.16680563951049482,0.4133889318727068,-15.267819825967532,0.8498793049443495,
0.01171875,0.16990914005479435,0.4181128801626131,-15.323015726034383,0.8546861923940313,
0.0126953125,0.17305387825443566,0.42283469084028225,-15.379185924983833,0.8595038735382956,
0.013671875,0.176240012017362,0.42755418612125345,-15.43627004370512,0.8643322249227062,
0.0146484375,0.17946769021471567,0.43227118830798106,-15.494205466086463,0.8691711217858629,
0.015625,0.18273705245715768,0.43698551979652467,-15.552927303049131,0.8740204380616045,
0.0166015625,0.1860482288715363,0.4416970030832375,-15.612368356505648,0.8788800463813486,
0.017578125,0.1894013398780394,0.4464054607714492,-15.672459083618655,0.883749818076571,
0.0185546875,0.1927964959679682,0.45111071557814614,-15.73312756089523,0.8886296231814202,
0.01953125,0.19623379748227168,0.4558125903406474,-15.794299448332618,0.8935193304354728,
0.0205078125,0.1997133343909838,0.4605109080232755,-15.855897954142453,0.8984188072866269,
0.021484375,0.20323518607370666,0.46520549172402403,-15.91784379927217,0.9033279198941352,
0.0224609375,0.2067994211012849,0.4698961646812193,-15.980055182244751,0.9082465331317783,
0.0234375,0.2104060970188188,0.47458275028017777,-16.042447744633304,0.9131745105911775,
0.0244140625,0.21405526013016396,0.4792650720598565,-16.1049345366179,0.9181117145852495,
0.025390625,0.2177469452840702,0.48394295371950014,-16.1674259831327,0.9230580061518013,
0.0263671875,0.22148117566210868,0.4886162191252807,-16.22982985057821,0.9280132450572653,
0.02734375,0.2252579625685432,0.49328469231693206,-16.292051213798675,0.9329772898005797,
0.0283203125,0.22907730522229938,0.49794819751437736,-16.35399242403298,0.9379499976172072,
0.029296875,0.2329391905511872,0.5026065591243511,-16.41555307770538,0.9429312244832978,
0.0302734375,0.23684359298853563,0.5072596017470132,-16.47662998570911,0.9479208251199948,
0.03125,0.2407904742723955,0.5119071501825562,-16.537117143579376,0.9529186529978815,
0.0322265625,0.24477978324747238,0.5165490294378061,-16.596905702736677,0.9579245603415742,
0.033203125,0.24881145566994656,0.5211850647328143,-16.65588394320114,0.962938398134456,
0.0341796875,0.25288541401534287,0.5258150815074438,-16.71393724706976,0.967960016123555,
0.03515625,0.2570015672896119,0.5304389054279445,-16.770948072889826,0.9729892628245662,
0.0361328125,0.2611598108435818,0.5350563623935229,-16.826795932138083,0.9780259855270185,
0.037109375,0.26536002619094734,0.5396672785429026,-16.88135736702806,0.9830700302995837,
0.0380859375,0.26960208082995374,0.5442714802608755,-16.93450592958598,0.9881212419955324,
0.0390625,0.2738858280689421,0.5488687941848439,-16.98611216250223,0.993179464258331,
0.0400390625,0.2782111068559167,0.5534590472113543,-17.036043582396896,0.998244539527387,
0.041015625,0.2825777416122974,0.5580420665026211,-17.08416466412692,1.003316309043935,
0.0419921875,0.28698554207102017,0.5626176794930409,-17.130336827594135,1.0083946128570704,
0.04296875,0.2914343031191468,0.5671857138956965,-17.17441842747482,1.013479289829927,
0.0439453125,0.2959238046451455,0.571745997708852,-17.216264743922622,1.0185701776459977,
0.044921875,0.3004538113910037,0.5762983592224351,-17.255727976928778,1.0236671128156023,
0.0458984375,0.3050240728093333,0.5808426270245106,-17.292657242785246,1.0287699306824978,
0.046875,0.3096343229256272,0.5853786300077433,-17.32689857342888,1.0338784654306357,
0.0478515625,0.31428428020582544,0.5899061973758478,-17.358294919083146,1.0389925500910615,
0.048828125,0.31897364742934803,0.5944251586500298,-17.38668615310732,1.044112016548961,
0.0498046875,0.32370211156775097,0.5989353436754121,-17.411909081299235,1.049236695550849,
0.05078125,0.32846934366915903,0.6034365826274531,-17.43379745391797,1.0543664167119031,
0.0517578125,0.33327499874862804,0.6079287060183491,-17.452181981191448,1.0595010085234444,
0.052734375,0.33811871568458873,0.6124115447034273,-17.466890353075133,1.0646402983605565,
0.0537109375,0.34300011712152034,0.6168849298875237,-17.477747262554246,1.0697841124898535,
0.0546875,0.34791880937900155,0.6213486931313517,-17.484574433604518,1.0749322760773907,
0.0556640625,0.3528743823672844,0.6258026663578532,-17.487190652804713,1.0800846131967161,
0.056640625,0.3578664095095333,0.6302466818585405,-17.485411805585365,1.0852409468370687,
0.0576171875,0.3628944476708689,0.6346805722998221,-17.47905091769633,1.0904010989117172,
0.05859375,0.3679580370943575,0.6391041707293156,-17.467918200947658,1.0955648902664434,
0.0595703125,0.37305670134407676,0.643517310582147,-17.45182110406421,1.1007321406881665,
0.060546875,0.3781899472553937,0.6479198256872345,-17.43056436903597,1.1059026689137106,
0.0615234375,0.383357264892583,0.6523115502735599,-17.40395009278898,1.111076292638713,
0.0625,0.38855812751391017,0.6566923189764232,-17.371777794295102,1.1162528285266755,
0.0634765625,0.3937919915443056,0.6610619668436833,-17.333844487347132,1.121432092218155,
0.064453125,0.3990582965557456,0.6654203293419837,-17.28994475986636,1.1266138983400962,
0.0654296875,0.4043564652554588,0.6697672423629615,-17.239870859163325,1.1317980605153035,
0.06640625,0.40968590348206896,0.6741025422294428,-17.18341278298665,1.136984391372054,
0.0673828125,0.41504600020978216,0.6784260657016199,-17.120358378106136,1.1421727025538488,
0.068359375,0.4204361275607244,0.6827376499832144,-17.050493444812655,1.1473628047293034,
0.0693359375,0.42585564082552774,0.6870371327276223,-16.9736018481265,1.1525545076021764,
0.0703125,0.43130387849226265,0.6913243520440436,-16.889465637352195,1.1577476199215369,
0.0712890625,0.4367801622838081,0.6955991465035938,-16.797865171470058,1.1629419494920694,
0.072265625,0.4422837972037454,0.6998613551454004,-16.69857925227799,1.1681373031845128,
0.0732421875,0.44781407159086045,0.7041108174826797,-16.591385265735184,1.1733334869462397,
0.07421875,0.45337025718233065,0.708347373508798,-16.476059330000133,1.178530305811968,
0.0751953125,0.45895160918566924,0.7125708637033119,-16.35237645226081,1.1837275639146088,
0.076171875,0.4645573663594978,0.7167811290379953,-16.22011069282575,1.1889250644962488,
0.0771484375,0.4701867511032064,0.7209780109828433,-16.079035337253792,1.1941226099192672,
0.078125,0.475838969555562,0.7251613515120608,-15.92892307745914,1.1993200016775818,
0.0791015625,0.48151321170231565,0.7293309931100311,-15.769546200323886,1.204517040408033,
0.080078125,0.4872086514928573,0.7334867787772651,-15.60067678459332,1.2097135259018947,
0.0810546875,0.4929244469659586,0.7376285520363319,-15.422086907557878,1.2149092571165188,
0.08203125,0.4986597403846398,0.7417561569377695,-15.233548858790957,1.2201040321871073,
0.0830078125,0.5044136583801919,0.7458694380659758,-15.034835362264124,1.225297648438617,
0.083984375,0.510185312105378,0.7499682405450794,-14.825719809068392,1.2304899023977893,
0.0849609375,0.5159737973968316,0.7540524100447905,-14.605976496900826,1.2356805898053098,
0.0859375,0.5217781949466666,0.7581217927862319,-14.37538087845691,1.2408695056280927,
0.0869140625,0.5275975704833037,0.7621762355477478,-14.133709818891996,1.2460564440716944,
0.087890625,0.5334309749615146,0.7662155856706921,-13.880741862220802,1.2512411985928473,
0.0888671875,0.5392774447616784,0.7702396910651966,-13.61625750503023,1.2564235619121233,
0.08984375,0.5451360018982382,0.774248400215917,-13.340039479206178,1.261603326026715,
0.0908203125,0.5510056542373389,0.7782415621877554,-13.051873043894048,1.266780282223343,
0.091796875,0.5568853957236237,0.782219026631565,-12.751546283659323,1.2719542210912818,
0.0927734375,0.5627742066161552,0.7861806437898287,-12.438850416814043,1.2771249325355096,
0.09375,0.5686710537334267,0.7901262645023162,-12.113580110674151,1.2822922057899726,
0.0947265625,0.5745748907074189,0.7940557402117205,-11.775533803531216,1.28745582943097,
0.095703125,0.5804846582466483,0.7979689229692692,-11.424514035921979,1.2926155913906565,
0.0966796875,0.5863992844081574,0.8018656654403132,-11.06032778850817,1.2977712789706608,
0.09765625,0.5923176848783744,0.8057458209098923,-10.682786825904932,1.3029226788558177,
0.0986328125,0.5982387632627797,0.8096092432882778,-10.291708048065399,1.3080695771280142,
0.099609375,0.6041614113842962,0.8134557871164892,-9.886913848385593,1.31321175928015,
0.1005859375,0.6100845095903259,0.8172853075717897,-9.468232476478773,1.3183490102302091,
0.1015625,0.6160069270683366,0.8210976604731545,-9.035498407103029,1.323481114335439,
0.1025390625,0.6219275221699068,0.8248927022867163,-8.58855271490384,1.3286078554066438,
0.103515625,0.627845142743122,0.8286702901311865,-8.127243452469102,1.3337290167225813,
0.1044921875,0.6337586264732152,0.8324302817832485,-7.651426033460175,1.3388443810444681,
0.10546875,0.6396668012313325,0.8361725356829282,-7.160963619841194,1.3439537306305909,
0.1064453125,0.6455684854313019,0.8398969109389385,-6.655727510004841,1.3490568472510232,
0.107421875,0.6514624883942756,0.8436032673339986,-6.135597531890447,1.3541535122024393,
0.1083984375,0.6573476107211097,0.8472914653301248,-5.600462437802544,1.3592435063230388,
0.109375,0.6632226446723377,0.8509613660738986,-5.050220298549712,1.364326610007562,
0.1103515625,0.6690863745555894,0.8546128314017056,-4.484778899677247,1.3694026032224123,
0.111328125,0.6749375771203007,0.85824572384495,-3.904056137290713,1.3744712655208702,
0.1123046875,0.68077502195955,0.8618599066352398,-3.307980413745538,1.3795323760584088,
0.11328125,0.686597471918857,0.8654552437095456,-2.6964910305337177,1.3845857136080986,
0.1142578125,0.6924036835117667,0.869031599715334,-2.06953857833947,1.38963105657611,
0.115234375,0.6981924073420389,0.8725888400156704,-1.4270853263847796,1.3946681830173062,
0.1162109375,0.7039623885322593,0.8761268306942973,-0.769105605992596,1.399696870650926,
0.1171875,0.7097123671586788,0.8796454385606807,-0.09558618803981966,1.404716896876358,
0.1181640625,0.7154410786920811,0.8831445311550326,0.5934733430723753,1.4097280387889985,
0.119140625,0.7211472544444799,0.8866239767533007,1.2980602227421147,1.4147300731961996,
0.1201171875,0.7268296220214325,0.8900836443721339,2.0181481481658,1.4197227766332994,
0.12109375,0.7324869057797567,0.893523403773815,2.75369692855409,1.4247059253797356,
0.1220703125,0.7381178272904331,0.8969431254711663,3.504652144636713,1.4296792954752413,
0.123046875,0.743721105806463,0.9003426807324252,4.2709448180681875,1.434642662736119,
0.1240234375,0.7492954587354573,0.9037219415860925,5.052491093725772,1.439595802771596,
0.125,0.7548396021167185,0.9070807808257467,5.849191934486251,1.4445384910002532,
0.1259765625,0.7603522511025741,0.9104190720148334,6.660932828366505,1.4494705026665302,
0.126953125,0.7658321204437215,0.91373668949142,7.487583511446639,1.4543916128573056,
0.1279296875,0.7712779249783314,0.9170335083729233,8.328997705999026,1.4593015965185463,
0.12890625,0.7766883801246571,0.9203094045608057,9.185012874830978,1.4642002284720281,
0.1298828125,0.7820622023768952,0.9235642547452404,10.055449994261203,1.469087283432126,
0.130859375,0.7873981098040301,0.9267979364097468,10.940113345863711,1.47396253602267,
0.1318359375,0.7926948225514034,0.9300103278357931,11.838790326245649,1.4788257607938646,
0.1328125,0.7979510633447341,0.9332013081073688,12.751251278530248,1.4836767322392754,
0.1337890625,0.8031655579963195,0.9363707571155259,13.67724934692589,1.488515224812873,
0.134765625,0.8083370359131402,0.9395185555628877,14.616520351463677,1.4933410129461413,
0.1357421875,0.8134642306065911,0.9426445849681281,15.568782687257167,1.498153871065239,
0.13671875,0.8185458802035527,0.9457487276704158,16.533737249784537,1.5029535736082216,
0.1376953125,0.8235807279585249,0.9488308668338287,17.511067382492378,1.5077398950423155,
0.138671875,0.8285675227665285,0.9518908864517348,18.500438852084418,1.512512609881246,
0.1396484375,0.8335050196764898,0.9549286713511415,19.501499852568358,1.5172714927026145,
0.140625,0.838391980404816,0.9579441071970127,20.51388103387754,1.5220163181653281,
0.1416015625,0.8432271738488648,0.9609370804965521,21.537195560265275,1.5267468610270725,
0.142578125,0.8480093766000174,0.9639074786034537,22.57103919911338,1.531462896161833,
0.1435546875,0.8527373734560543,0.9668551897221207,23.61499043747967,1.5361641985774586,
0.14453125,0.857409957932538,0.9697801029118492,24.66861062968264,1.5408505434332658,
0.1455078125,0.8620259327729034,0.972682108090981,25.73144417645543,1.5455217060576845,
0.146484375,0.8665841104569553,0.9755610960410196,26.803018734560744,1.5501774619659419,
0.1474609375,0.8710833137074724,0.9784169584107174,27.882845457813573,1.5548175868777794,
0.1484375,0.8755223759946187,0.9812495877201243,28.97041927024925,1.5594418567352066,
0.1494140625,0.8799001420378587,0.9840588773646055,30.065219172812444,1.564050047720286,
0.150390625,0.8842154683050782,0.986844721618825,31.16670858043661,1.5686419362729478,
0.1513671875,0.888467223508608,0.9896070156406931,32.2743356918303,1.5732172991088333,
0.15234375,0.8926542890978522,0.9923456554752828,33.38753389324326,1.577775913237165,
0.1533203125,0.8967755597482199,0.9950605380587096,34.50572219327264,1.5823175559786382,
0.154296875,0.9008299438460657,0.9977515612219764,35.62830568944254,1.5868420049833398,
0.1552734375,0.9048163639693367,1.0004186236947867,36.75467606839026,1.5913490382486826,
0.15625,0.908733757363636,1.0030616251093207,37.88421213712682,1.5958384341373604,
0.1572265625,0.9125810764134051,1.005680466003977,39.0162803836487,1.6003099713953188,
0.158203125,0.9163572891079362,1.0082750478270808,40.15023557027625,1.6047634291697408,
0.1591796875,0.9200613795019218,1.0108452729405546,41.285421357697615,1.6091985870270429,
0.16015625,0.9236923481702579,1.013391044623558,42.42117095709448,1.6136152249708842,
0.1611328125,0.9272492126568134,1.0159122670760876,43.55680781026975,1.6180131234601813,
0.162109375,0.9307310079168852,1.018408845422545,44.69164629813219,1.6223920634271298,
0.1630859375,0.934136786753061,1.0208806857152684,45.82499247812243,1.626751826295231,
0.1640625,0.9374656202442131,1.0233276949380277,46.956144845391144,1.6310921939973202,
0.1650390625,0.940716598167353,1.0257497810094878,48.08439511747244,1.6354129489935934,
0.166015625,0.9438888294120779,1.0281468527866309,49.209029045995464,1.6397138742896349,
0.1669921875,0.9469814423873454,1.0305188200681485,50.32932724685931,1.6439947534544372,
0.16796875,0.9499935854203171,1.0328655935977942,51.44456605331065,1.6482553706384186,
0.1689453125,0.952924427147015,1.0351870850677016,52.55401838973113,1.6524955105914287,
0.169921875,0.9557731568945407,1.037483207121668,53.65695465875216,1.6567149586807457,
0.1708984375,0.9585389850546109,1.0397538733583982,54.752643648665284,1.6609135009090612,
0.171875,0.9612211434481692,1.0419989983347173,55.84035345479964,1.6650909239324492,
0.1728515625,0.9638188856808381,1.044218497568744,56.91935241193084,1.6692470150783205,
0.173828125,0.9663314874889802,1.0464122875430293,57.988910039101256,1.6733815623633548,
0.1748046875,0.9687582470761462,1.048580285707658,59.048297992875014,1.6774943545114165,
0.17578125,0.9710984854396887,1.0507224104833153,60.09679102990666,1.6815851809714428,
0.1767578125,0.9733515466873305,1.0528385812643162,61.133667972431965,1.6856538319353116,
0.177734375,0.9755167983434806,1.0549287184215976,62.15821267668413,1.6897000983556765,
0.1787109375,0.9775936316450964,1.0569927433056765,63.16971500622434,1.6937237719637794,
0.1796875,0.9795814618269009,1.0590305782495704,64.1674718024732,1.6977246452872237,
0.1806640625,0.9814797283957651,1.06104214657168,65.1507878509639,1.7017025116677225,
0.181640625,0.9832878953940777,1.0630273725786374,66.11897684448235,1.7056571652788033,
0.1826171875,0.9850054516519267,1.0649861815681174,67.07136234041009,1.7095884011434794,
0.18359375,0.9866319110279295,1.066918499831609,68.00727870753194,1.7134960151518817,
0.1845703125,0.9881668126385494,1.0688242546571554,68.92607206097705,1.7173798040788466,
0.185546875,0.9896097210757505,1.0707033743320529,69.82710118556342,1.7212395656014599,
0.1865234375,0.9909602266128438,1.0725557881455163,70.70973844454595,1.725075098316556,
0.1875,0.9922179453983914,1.0743814263913045,71.57337066922716,1.7288862017581668,
0.1884765625,0.9933825196380377,1.0761802203703095,72.41740002849588,1.732672676414922,
0.189453125,0.9944536177641498,1.0779521023931116,73.24124488009348,1.7364343237473971,
0.1904296875,0.9954309345931497,1.0796970057824946,74.04434059901308,1.7401709462054034,
0.19140625,0.9963141914704416,1.0814148648759234,74.82614037594071,1.7438823472452258,
0.1923828125,0.9971031364028294,1.0831056150279872,75.58611599257009,1.747568331346798,
0.193359375,0.9977975441783423,1.0847691926128036,76.32375856933535,1.7512287040308205,
0.1943359375,0.9983972164733863,1.0864055350263864,77.03857927898406,1.7548632718758101,
0.1953125,0.9989019819471505,1.0880145806889747,77.73011003081332,1.758471842535092,
0.1962890625,0.9993116963232064,1.0895962690473275,78.39790412149485,1.7620542247537163,
0.197265625,0.9996262424582435,1.0911505405769775,79.04153684865422,1.7656102283853117,
0.1982421875,0.999845530397898,1.0926773367844502,79.66060608943997,1.7691396644088655,
0.19921875,0.9999694974196363,1.0941766002094435,80.25473284311875,1.7726423449454285,
0.2001953125,0.9999981080626628,1.095648274426972,80.82356173081031,1.7761180832747476,
0.201171875,0.9999313541448362,1.0970923040494718,81.36676145758457,1.7795666938518193,
0.2021484375,0.9997692547665801,1.0985086347288682,81.88402523498667,1.7829879923233631,
0.203125,0.9995118563017837,1.099897213158606,82.37507115851894,1.7863817955442134,
0.2041015625,0.9991592323757044,1.1012579870756427,82.83964254388921,1.78974792159363,
0.205078125,0.998711483829881,1.1025909052624023,83.27750822057557,1.79308618979152,
0.2060546875,0.9981687386740844,1.103895917548692,83.6884627813673,1.7963964207145724,
0.20703125,0.9975311520253372,1.105172974813581,84.07232678617915,1.799678436212306,
0.2080078125,0.9967989060340421,1.1064220289872424,84.42894692236221,1.8029320594230203,
0.208984375,0.9959722097972697,1.1076430330527551,84.7581961208279,1.8061571147896587,
0.2099609375,0.9950512992592625,1.1088359410478694,85.05997362600753,1.809353428075571,
0.2109375,0.994036437099221,1.1100007080667327,85.33420502127208,1.8125208263801806,
0.2119140625,0.9929279126064491,1.1111372902615773,85.58084221010714,1.815659138154552,
0.212890625,0.9917260415429385,1.112245644844373,85.79986335253055,1.818768193216857,
0.2138671875,0.9904311659934865,1.113325730088437,85.99127275760314,1.8218478227677344,
0.21484375,0.9890436542034443,1.1143775053300062,86.15510073204861,1.8248978594055494,
0.2158203125,0.9875639004042069,1.1154009309697754,86.29140338575438,1.8279181371415403,
0.216796875,0.985992324626556,1.11639596847439,86.40026239579427,1.8309084914148592,
0.2177734375,0.9843293725019838,1.1173625803779061,86.48178472806241,1.8338687591075007,
0.21875,0.9825755150521273,1.1183007302832073,86.53610231962455,1.8367987785591164,
0.2197265625,0.9807312484664519,1.1192103828633875,86.56337172029978,1.8396983895817156,
0.220703125,0.9787970938683334,1.1200915038630896,86.56377369582337,1.8425674334742494,
0.2216796875,0.9767735970696902,1.1209440600998102,86.53751279518032,1.8454057530370727,
0.22265625,0.9746613283143306,1.1217680194651614,86.48481687966678,1.8482131925862926,
0.2236328125,0.9724608820101804,1.122563350926095,86.40593662013849,1.8509895979679853,
0.224609375,0.9701728764505699,1.1233300245260909,86.30114495969306,1.853734816572297,
0.2255859375,0.9677979535247637,1.1240680113862986,86.17073654268668,1.856448697347413,
0.2265625,0.9653367784179189,1.1247772837066472,86.01502711794951,1.8591310908134022,
0.2275390625,0.9627900393006734,1.1254578147669114,85.8343529101251,1.8617818490759308,
0.228515625,0.9601584470085639,1.1261095789277409,85.62906996464811,1.8644008258398446,
0.2294921875,0.9574427347114828,1.1267325516316464,85.39955346930053,1.8669878764226175,
0.23046875,0.9546436575733911,1.1273267094039512,85.14619705027609,1.8695428577676683,
0.2314453125,0.9517619924025067,1.1278920298536983,84.86941204911017,1.872065628457536,
0.232421875,0.9487985372921952,1.1284284916745215,84.56962677698593,1.8745560487269213,
0.2333984375,0.945754111252797,1.128936074645473,84.24728575235109,1.8770139804755845,
0.234375,0.9426295538346264,1.1294147596318156,83.90284892458676,1.8794392872811063,
0.2353515625,0.9394257247423878,1.1298645285857711,83.53679088002444,1.8818318344115,
0.236328125,0.9361435034412542,1.1302853645472313,83.14960003730403,1.8841914888376827,
0.2373046875,0.9327837887548646,1.1306772516444261,82.74177783317342,1.8865181192457983,
0.23828125,0.9293474984554928,1.1310401750945542,82.31383789820113,1.8888115960493932,
0.2392578125,0.9258355688466533,1.1313741212043715,81.86630522531648,1.8910717914014417,
0.240234375,0.9222489543384071,1.1316790773707401,81.39971533535822,1.893298579206221,
0.2412109375,0.9185886270156385,1.1319550320811378,80.91461343949844,1.895491835131031,
0.2421875,0.9148555761995751,1.1322019749141259,80.41155359712106,1.897651436617764,
0.2431640625,0.9110508080028292,1.1324198965397758,79.89109787705691,1.8997772628943141,
0.244140625,0.9071753448782383,1.1326087887200562,79.35381552209029,1.9018691949858333,
0.2451171875,0.9032302251617903,1.1327686443091805,78.80028211347789,1.9039271157258242,
0.24609375,0.8992165026099165,1.1328994572539108,78.23107874235367,1.9059509097670784,
0.2470703125,0.8951352459314423,1.1330012225938233,77.64679119055334,1.9079404635924464,
0.248046875,0.8909875383144871,1.1330739364615323,77.04800911663659,1.9098956655254518,
0.2490234375,0.8867744769486019,1.1331175960828725,76.43532525288288,1.9118164057407336,
0.25,0.8824971725424458,1.1331321997770425,75.8093346152233,1.9137025762743298,
0.2509765625,0.8781567488372907,1.133117746956704,75.17063372374182,1.915554071033787,
0.251953125,0.8737543421166571,1.1330742381280428,74.51981983788538,1.9173707858081082,
0.2529296875,0.8692911007123763,1.133001674890785,73.85749020715404,1.9191526182775238,
0.25390625,0.8647681845073811,1.1329000599381789,73.18424133881634,1.9208994680230993,
0.2548828125,0.860186764435524,1.1327693970569275,72.50066828096053,1.9226112365361634,
0.255859375,0.8555480219787229,1.132609691127086,71.80736392549059,1.9242878272275667,
0.2568359375,0.8508531486617394,1.1324209481219136,71.10491833142922,1.9259291454367653,
0.2578125,0.8461033455448849,1.1322031751076873,70.39391806526673,1.9275350984407258,
0.2587890625,0.8412998227149597,1.1319563802434718,69.67494556465006,1.9291055954626581,
0.259765625,0.8364437987747261,1.1316805727808492,68.9485785251102,1.930640547680563,
0.2607421875,0.8315365003312097,1.1313757630636074,68.21538930561222,1.9321398682356072,
0.26171875,0.8265791614831351,1.1310419625273858,67.47594435812421,1.9336034722403135,
0.2626953125,0.8215730233077883,1.1306791836992816,66.73080368326974,1.9350312767865698,
0.263671875,0.816519333347604,1.1302874401974115,65.98052030672577,1.9364232009534577,
0.2646484375,0.8114193450967734,1.129866746730435,65.22563978061834,1.9377791658148946,
0.265625,0.8062743174881652,1.1294171190970343,64.4666997094173,1.9390990944470934,
0.2666015625,0.8010855143808492,1.128938574185353,63.70422930116358,1.9403829119358347,
0.267578125,0.7958542040485136,1.1284311299723921,62.93874894406212,1.941630545383552,
0.2685546875,0.7905816586690617,1.1278948055233669,62.170769805154926,1.9428419239162327,
0.26953125,0.7852691538156719,1.12732962099102,61.40079345720312,1.9440169786901258,
0.2705078125,0.7799179679496012,1.1267355976148936,60.629311528575485,1.9451556428982633,
0.271484375,0.7745293819150125,1.1261127577205596,59.8568053781027,1.9462578517767914,
0.2724609375,0.7691046784360979,1.1254611247188093,59.08374579642069,1.9473235426111086,
0.2734375,0.7636451416167714,1.1247807231048006,58.31059272926353,1.9483526547418129,
0.2744140625,0.7581520564431996,1.1240715784571624,57.537795027031635,1.9493451295704565,
0.275390625,0.7526267082894315,1.12333371743706,56.7657902165672,1.950300910565107,
0.2763671875,0.7470703824263911,1.1225671677872164,55.99500429790731,1.9512199432657145,
0.27734375,0.7414843635344882,1.1217719583308943,55.22585156463165,1.9521021752892824,
0.2783203125,0.735869935220098,1.1209481189708341,54.45873444429687,1.952947556334844,
0.279296875,0.7302283795361582,1.1200956806881532,53.694043364654675,1.9537560381882424,
0.2802734375,0.7245609765071276,1.1192146755412011,52.93215664010909,1.954527574726714,
0.28125,0.7188690036585433,1.1183051366643744,52.17344037839238,1.9552621219232715,
0.2822265625,0.7131537355514095,1.1173670982668893,51.41824841017845,1.9559596378508954,
0.283203125,0.7074164433216478,1.1164005956315168,50.666922237059296,1.9566200826865177,
0.2841796875,0.701658394224833,1.1154056651132707,49.919791000148514,1.9572434187148149,
0.28515625,0.6958808511864294,1.1143823441380565,49.17717146761507,1.9578296103317956,
0.2861328125,0.6900850723577439,1.1133306712012816,48.439368039543496,1.9583786240481906,
0.287109375,0.6842723106778015,1.112250685866421,47.70667277135768,1.9588904284926414,
0.2880859375,0.6784438134413444,1.1111424287635423,46.97936541347975,1.959364994414688,
0.2890625,0.6726008218731524,1.110005941587792,46.2577134678128,1.9598022946875553,
0.2900390625,0.6667445707088725,1.1088412670978378,45.5419722596551,1.9602023043107366,
0.291015625,0.6608762877825445,1.107648449114272,44.832385024216094,1.9605650004123765,
0.2919921875,0.6549971936209981,1.1064275325179722,44.12918300738652,1.9608903622514506,
0.29296875,0.6491085010452966,1.1051785632484243,43.43258557970436,1.9611783712197415,
0.2939453125,0.6432114147793907,1.103901588302,42.74280036336063,1.9614290108436128,
0.294921875,0.6373071310661429,1.1025966557301978,42.06002337141993,1.9616422667855802,
0.2958984375,0.6313968372908778,1.1012638146378413,41.38443915744312,1.961818126845678,
0.296875,0.6254817116126024,1.0999031151812386,40.71622097613896,1.9619565809626223,
0.2978515625,0.6195629226030391,1.0985146085662985,40.055530954673706,1.9620576212147691,
0.298828125,0.613641628893607,1.097098347046609,39.40252027218251,1.9621212418208729,
0.2998046875,0.6077189788304743,1.095654383921473,38.75732934770936,1.9621474391406346,
0.30078125,0.6017961101378099,1.094182773533907,38.120088036440364,1.9621362116750503,
0.3017578125,0.5958741495893427,1.0926835712685967,37.490915834083054,1.9620875600665546,
0.302734375,0.5899542126883417,1.0911568335498145,36.869922085676855,1.9620014870989584,
0.3037109375,0.5840374033561145,1.089602617839296,36.25720620129741,1.9618779976971832,
0.3046875,0.5781248136291223,1.0880209826340768,35.652857878656164,1.9617170989267936,
0.3056640625,0.5722175233647968,1.086411987464291,35.0569573276831,1.9615187999933203,
0.306640625,0.5663165999561443,1.0847756928909273,34.469575501036836,1.9612831122413847,
0.3076171875,0.5604230980552082,1.0831121605035483,33.89077432778309,1.9610100491536169,
0.30859375,0.5545380593054614,1.0814214529179689,33.32060694948795,1.9606996263493695,
0.3095703125,0.5486625120831897,1.0797036337738959,32.759117960359646,1.9603518615832276,
0.310546875,0.5427974712479199,1.077958767732529,32.20634364825967,1.95996677474332,
0.3115234375,0.5369439379019446,1.0761869204741201,31.66231223614469,1.9595443878494199,
0.3125,0.5311028991589836,1.074388158695497,31.12704412667639,1.9590847250508472,
0.3134765625,0.5252753279220188,1.0725625501075469,30.60055214721957,1.958587812624169,
0.314453125,0.5194621826703316,1.07071016343266,30.082841793320185,1.9580536789706944,
0.3154296875,0.5136644072557668,1.0688310684021367,29.573911473455077,1.9574823546137694,
0.31640625,0.5078829307082385,1.066925335753555,29.073752752277784,1.9568738721958707,
0.3173828125,0.5021186670504907,1.064993037228098,28.582350593753162,1.9562282664754957,
0.318359375,0.49637251512211333,1.0630342455678474,28.09968360247666,1.9555455743238552,
0.3193359375,0.49064535841281687,1.0610490345130346,27.625724263035632,1.9548258347213627,
0.3203125,0.48493806490495334,1.0590374787992556,27.16043917770752,1.954069088753925,
0.3212890625,0.47925148692527236,1.0569996541546482,26.703789302077965,1.9532753796090332,
0.322265625,0.47358646100589163,1.0549356372970309,26.25573017850376,1.9524447525716555,
0.3232421875,0.4679438077544572,1.0528455059310051,25.816212164730747,1.9515772550199304,
0.32421875,0.4623243317334612,1.0507293387450185,25.385180662403535,1.9506729364206634,
0.3251953125,0.45672882134868126,1.0485872154083913,24.962576340843945,1.9497318483246253,
0.326171875,0.45115804874669885,1.0464192165683064,24.548335356193377,1.9487540443616542,
0.3271484375,0.44561276972144825,1.044225423846762,24.142389569633796,1.9477395802355628,
0.328125,0.4400937236297439,1.0420059198374874,23.744666760158694,1.9466885137188494,
0.3291015625,0.4346016333157281,1.0397607881028192,23.3550908332349,1.9456009046472136,
0.330078125,0.4291372050441729,1.0374901131705472,22.97358202596462,1.94447681491388,
0.3310546875,0.42370112844257285,1.0351939805307158,22.600057108232697,1.9433163084637277,
0.33203125,0.4182940764519491,1.0328724766323953,22.234429579203386,1.9421194512872277,
0.3330078125,0.41291670528629226,1.0305256888804133,21.876609859186242,1.9408863114141899,
0.333984375,0.40756965440055803,1.0281537056320533,21.526505477394732,1.9396169589073167,
0.3349609375,0.402253546467129,1.025756616193713,21.184021256316356,1.9383114658555707,
0.3359375,0.3969689873606523,1.0233345108175302,20.849059488884183,1.936969906367349,
0.3369140625,0.39171656615115447,1.0208874806979724,20.521520112519575,1.935592356563475,
0.337890625,0.3864968551053379,1.0184156179683892,20.201300879752154,1.9341788945699976,
0.3388671875,0.381310409695949,1.015919015697531,19.888297521725335,1.9327296005108072,
0.33984375,0.37615776861911654,1.013397767886032,19.58240390884919,1.9312445565000682,
0.3408203125,0.37103945381954256,1.010851969462858,19.28351220608061,1.9297238466344617,
0.341796875,0.3659559705234356,1.0082817162817188,18.991513023029537,1.928167556985252,
0.3427734375,0.3609078072790643,1.0056871051174472,18.70629556050862,1.9265757755901667,
0.34375,0.35589543600481083,1.0030682336623407,18.427747752191365,1.9249485924450953,
0.3447265625,0.3509193120445984,1.0004252005224714,18.155756400380866,1.923286099495612,
0.345703125,0.34597987423056586,0.9977581052139608,17.890207309007607,1.9215883906283147,
0.3466796875,0.34107754495285575,0.9950670481592188,17.630985411323127,1.919855561661991,
0.34765625,0.336212730236385,0.9923521306831513,17.37797489270709,1.918087710338604,
0.3486328125,0.3313858198244598,0.9896134550093318,17.131059309651818,1.9162849363141063,
0.349609375,0.326597187269096,0.9868511242561395,16.890121704144732,1.9144473411490754,
0.3505859375,0.3218471900279047,0.9840652424328651,16.65504471413577,1.9125750282991816,
0.3515625,0.317136169567398,0.9812559144357815,16.42571067929472,1.9106681031054782,
0.3525390625,0.3124644514725716,0.9784232460441825,16.202001742878174,1.9087266727845285,
0.353515625,0.3078323455626149,0.9755673439163879,15.983799948815252,1.9067508464183585,
0.3544921875,0.3032401460125998,0.9726883155857153,15.770987336671496,1.904740734944243,
0.35546875,0.2986881314809995,0.9697862694564203,15.563446031041716,1.9026964511443254,
0.3564453125,0.29417656524288127,0.9668613147996022,15.361058326771037,1.9006181096350747,
0.357421875,0.28970569532862384,0.963913561749078,15.163706772262689,1.8985058268565758,
0.3583984375,0.2852757546680015,0.9609431212972249,14.971274247757549,1.8963597210616592,
0.359375,0.2808869612394806,0.9579501052907891,14.783644040412181,1.8941799123048695,
0.3603515625,0.2765395182245714,0.9549346264266648,14.600699915989383,1.8919665224312736,
0.361328125,0.2722336141670777,0.9518967982476395,14.422326187024197,1.8897196750651144,
0.3623046875,0.26796942313708616,0.9488367351381066,14.248407777822798,1.8874394955983036,
0.36328125,0.26374710489953673,0.9457545523197506,14.078830286265674,1.885126111178762,
0.3642578125,0.25956680508721447,0.9426503658471961,13.91348004233278,1.8827796506986068,
0.365234375,0.2554286553780047,0.9395242926036292,13.752244164184278,1.8804002447821861,
0.3662109375,0.25133277367625056,0.9363764502963858,13.59501061049535,1.8779880257739618,
0.3671875,0.2472792642980547,0.9332069574525106,13.441668230574493,1.875543127726248,
0.3681640625,0.2432682181603647,0.9300159334142838,13.292106811342117,1.8730656863867965,
0.369140625,0.2392997129736841,0.9268034983347184,13.146217122069913,1.870555839186242,
0.3701171875,0.23537381343824942,0.9235697731730271,13.003890956796877,1.8680137252253994,
0.37109375,0.2314905714435154,0.9203148796900594,12.865021172971364,1.8654394852624225,
0.3720703125,0.22765002627079042,0.9170389404437064,12.729501728988119,1.862833261699818,
0.373046875,0.2238522047988655,0.9137420787842788,12.597227719496166,1.8601951985713245,
0.3740234375,0.2200971217124798,0.910424418849854,12.468095407717717,1.8575254415286504,
0.375,0.21638477971346842,0.9070860855615929,12.34200225511233,1.8548241378280812,
0.3759765625,0.21271516973443763,0.9037272046190291,12.21884695156643,1.852091436316947,
0.376953125,0.20908827115481401,0.9003479024953275,12.098529440963638,1.8493274874199623,
0.3779296875,0.20550405201911623,0.8969483064325142,11.980950945053591,1.8465324431254362,
0.37890625,0.20196246925729847,0.893528544436678,11.866013987531963,1.8437064569713482,
0.3798828125,0.19846346890701638,0.8900887452731443,11.753622414458157,1.8408496840313031,
0.380859375,0.19500698633766766,0.8866290384616193,11.643681413802858,1.8379622809003606,
0.3818359375,0.19159294647606104,0.8831495542713059,11.536097533003133,1.8350444056807356,
0.3828125,0.1882212640335697,0.8796504237159911,11.430778695551512,1.8320962179673868,
0.3837890625,0.1848918437346258,0.876131778549108,11.32763421573361,1.829117878833476,
0.384765625,0.1816045805464153,0.8725937512587676,11.226574811575345,1.8261095508157186,
0.3857421875,0.17835935990963422,0.8690364750627642,11.127512616916913,1.8230713978996094,
0.38671875,0.17515605797016948,0.8654600839035532,11.030361193069272,1.820003585504543,
0.3876953125,0.1719945418115687,0.8618647124432022,10.935035537784826,1.816906280468818,
0.388671875,0.16887466968816683,0.8582504960583144,10.841452093005307,1.8137796510345288,
0.3896484375,0.16579629125873813,0.8546175708349268,10.74952875288114,1.810623866832355,
0.390625,0.16275924782054535,0.8509660735633796,10.659184869827248,1.8074390988662388,
0.3916015625,0.15976337254366055,0.8472961417331618,10.570341259683989,1.8042255194979633,
0.392578125,0.1568084907054322,0.8436079135277287,10.482920206112379,1.8009833024316233,
0.3935546875,0.15389441992497882,0.8399015278192932,10.396845463431466,1.7977126226979994,
0.39453125,0.1510209703975885,0.8361771241635934,10.312042259206198,1.7944136566388318,
0.3955078125,0.14818794512890876,0.8324348427946335,10.228437296407071,1.7910865818909996,
0.396484375,0.14539514016881303,0.8286748246193988,10.145958753567717,1.7877315773706015,
0.3974609375,0.1426423448448307,0.8248972112125456,10.064536285442939,1.7843488232569495,
0.3984375,0.13992934199503387,0.8211021448110672,9.984101021815235,1.780938500976467,
0.3994140625,0.13725590820027264,0.8172897683089347,9.90458556619837,1.777500793186501,
0.400390625,0.13462181401565684,0.8134602252517115,9.825923994671305,1.7740358837590486,
0.4013671875,0.13202682420118253,0.8096136598311463,9.748051852631475,1.7705439577643967,
0.40234375,0.12947069795140534,0.8057502168797402,9.670906151540269,1.7670252014546808,
0.4033203125,0.1269531891240645,0.8018700418652902,9.594425365652452,1.7634798022473626,
0.404296875,0.12447404646756587,0.7979732808854081,9.51854942789381,1.7599079487086304,
0.4052734375,0.1220330138472331,0.794060080662017,9.44321972464869,1.7563098305367213,
0.40625,0.11962983047024008,0.7901305885358239,9.368379091168281,1.752685638545172,
0.4072265625,0.11726423110914014,0.786184952460769,9.293971805478638,1.749035564645994,
0.408203125,0.11493594632390988,0.7822233209984538,9.219943582495672,1.7453598018327823,
0.4091796875,0.11264470268242954,0.7782458433125438,9.146241567860065,1.7416585441637522,
0.41015625,0.11039022297932266,0.774252669163149,9.072814330640806,1.7379319867447138,
0.4111328125,0.10817222645308303,0.7702439489011847,8.999611856498616,1.7341803257119806,
0.412109375,0.10599042900141668,0.7662198334627071,8.926585540095925,1.7304037582152165,
0.4130859375,0.10384454339473266,0.7621804743632284,8.853688177124125,1.7266024824002248,
0.4140625,0.10173427948771593,0.7581260236920112,8.780873956079025,1.7227766973916752,
0.4150390625,0.0996593444289213,0.7540566341063393,8.708098449860515,1.7189266032757815,
0.416015625,0.09761944286832823,0.7499724588257685,8.635318606768518,1.715052401082922,
0.4169921875,0.09561427716279917,0.7458736516263569,8.56249274237411,1.7111542927702084,
0.41796875,0.09364354757938786,0.7417603668348722,8.489580529109855,1.7072324812040076,
0.4189453125,0.09170695249644517,0.7376327593229806,8.416542986633036,1.7032871701424144,
0.419921875,0.08980418860247415,0.7334909845014143,8.343342473131417,1.6993185642176825,
0.4208984375,0.08793495109268776,0.7293351983141202,8.269942674251853,1.6953268689186067,
0.421875,0.08609893386322497,0.7251655572323854,8.196308593398982,1.6913122905728728,
0.4228515625,0.08429582970298469,0.7209822182489465,8.122406540961022,1.6872750363293598,
0.423828125,0.08252533048303794,0.7167853388720781,8.048204123640534,1.6832153141404136,
0.4248046875,0.08078712734358266,0.7125750771196612,7.973670233740575,1.6791333327440796,
0.42578125,0.07908091087840716,0.7083515915132333,7.898775037782738,1.6750293016463096,
0.4267578125,0.07740637131683023,0.7041150410720197,7.823489965185691,1.6709034311031317,
0.427734375,0.07576319870308977,0.6998655853069455,7.747787697318836,1.666755932102798,
0.4287109375,0.07415108307315192,0.6956033842146302,7.671642155534181,1.6625870163479035,
0.4296875,0.0725697146289174,0.6913285982713632,7.595028488826247,1.6583968962374809,
0.4306640625,0.07101878390980208,0.6870413884270616,7.517923062420159,1.6541857848490742,
0.431640625,0.06949798196167192,0.6827419160992123,7.440303445593559,1.6499538959207953,
0.4326171875,0.06800700050311413,0.6784303431667923,7.362148398986544,1.6457014438333573,
0.43359375,0.06654553208902911,0.6741068319641744,7.283437862189558,1.6414286435920984,
0.4345703125,0.0651132702715286,0.6697715452750176,7.204152941414624,1.6371357108089883,
0.435546875,0.06370990975812932,0.6654246463261373,7.124275896106677,1.632822861684625,
0.4365234375,0.06233514656723098,0.6610662987813599,7.043790126365418,1.6284903129902237,
0.4375,0.0609886781808715,0.6566966667353625,6.962680159278664,1.6241382820495958,
0.4384765625,0.05967020369475305,0.652315914707495,6.880931636343631,1.6197669867211253,
0.439453125,0.05837942396553394,0.6479242076355864,6.798531299960732,1.6153766453797405,
0.4404296875,0.057116041755384796,0.6435217108697366,6.715466978850744,1.6109674768988866,
0.44140625,0.05587976187380677,0.6391085901660913,6.63172757512384,1.606539700632499,
0.4423828125,0.0546702913167132,0.6346850116806023,6.547303050385258,1.602093536396977,
0.443359375,0.0534873394027764,0.6302511419627735,6.462184411674331,1.597629204453169,
0.4443359375,0.05233061790704339,0.6258071479493919,6.376363696763043,1.5931469254883586,
0.4453125,0.05119984119182552,0.6213531969582421,6.289833960229314,1.5886469205982645,
0.4462890625,0.05009472633486838,0.6168894566818101,6.202589259214514,1.5841294112690494,
0.447265625,0.04901499325480983,0.61241609518097,6.114624638290917,1.5795946193593435,
0.4482421875,0.047960364833934926,0.6079332808786583,6.025936114681421,1.575042767082283,
0.44921875,0.04693056703823816,0.6034411825535355,5.936520664082174,1.5704740769875671,
0.4501953125,0.045925329034804105,0.5989399693336325,5.8463762048684424,1.5658887719435326,
0.451171875,0.04494438330651888,0.5944298106899842,5.755501582957507,1.5612870751192518,
0.4521484375,0.04398746576412613,0.5899108764302521,5.663896557062552,1.5566692099666524,
0.453125,0.043054315855641206,0.5853833366923319,5.571561782611343,1.5520354002026646,
0.4541015625,0.04214467667313964,0.5808473619379511,5.478498796417907,1.5473858697913931,
0.455078125,0.04125829505693511,0.5763031229462522,5.384710001067666,1.5427208429263215,
0.4560546875,0.04039492169716455,0.571750790807366,5.290198648924641,1.5380405440125453,
0.45703125,0.0395543112327975,0.5671905369159718,5.19496882588987,1.53334519764904,
0.4580078125,0.03873622234808796,0.5626225329648468,5.099025435876943,1.528635028610963,
0.458984375,0.03794041786648778,0.5580469509384048,5.002374183909644,1.5239102618319926,
0.4599609375,0.0371666648420408,0.553463963106223,4.905021560164548,1.5191711223867088,
0.4609375,0.03641473464827765,0.5488737420165587,4.806974823547058,1.514417835473011,
0.4619140625,0.03568440306463162,0.5442764604898557,4.708241984534395,1.5096506263945797,
0.462890625,0.03497545036039591,0.5396722916122404,4.608831788840797,1.5048697205433852,
0.4638671875,0.034287661376243825,0.5350614087290072,4.508753700413813,1.5000753433822405,
0.46484375,0.03362082560333244,0.530443985438096,4.408017884612528,1.4952677204274016,
0.4658203125,0.032974737260011835,0.5258201955835584,4.30663519072827,1.4904470772312206,
0.466796875,0.032349195366161244,0.5211902132490154,4.204617135080614,1.4856136393648494,
0.4677734375,0.03174400381517358,0.5165542127511066,4.101975883634603,1.4807676324009973,
0.46875,0.031158971443610694,0.5119123686329295,3.9987242343656337,1.4759092818967445,
0.4697265625,0.030593912098550474,0.5072648556574723,3.8948755994479707,1.4710388133764118,
0.470703125,0.030048644702648,0.5026118488010355,3.790443988541553,1.4661564523144923,
0.4716796875,0.029522993316932204,0.49795352324664927,3.685443990349007,1.46126242411864,
0.47265625,0.029016787201359306,0.49329005437747925,3.5798907541750213,1.4563569541127248,
0.4736328125,0.028529860873144762,0.48862161777022745,3.4737999730619586,1.4514402675199494,
0.474609375,0.028062054162894267,0.4839483891885253,3.3671878651652287,1.4465125894460336,
0.4755859375,0.02761321226855495,0.4792705445763198,3.260071155400238,1.4415741448624657,
0.4765625,0.027183185807207102,0.47458826005125176,3.1524670575232627,1.436625158589824,
0.4775390625,0.026771830864716302,0.4699017118980294,3.04439325586727,1.4316658552811685,
0.478515625,0.02637900904326606,0.4652110765617937,2.935867886094667,1.426696459405507,
0.4794921875,0.02600458750678963,0.46051653064147974,2.826909517870109,1.4217171952313337,
0.48046875,0.02564843902432028,0.4558182508831711,2.717537135572075,1.4167282868102449,
0.4814453125,0.025310442011277877,0.45111641417344883,2.607770119209641,1.4117299579606322,
0.482421875,0.02499048056870954,0.4464111975327349,2.4976282266845153,1.406722432251457,
0.4833984375,0.024688444520501545,0.44170277810863173,2.387131574177783,1.4017059329861006,
0.484375,0.024404229448578785,0.43699133316925654,2.2763006175877,1.3966806831863028,
0.4853515625,0.02413773672610761,0.43227704009656986,2.1651561334850915,1.39164690557618,
0.486328125,0.023888873548717347,0.42756007637970206,2.0537192000861517,1.386604822566331,
0.4873046875,0.023657552963754568,0.4228406196082737,1.9420111782676335,1.3815546562380299,
0.48828125,0.02344369389758405,0.4181188474657139,1.8300536923961586,1.3764966283275044,
0.4892578125,0.023247221180949268,0.41339493772257396,1.7178686108570416,1.3714309602103103,
0.490234375,0.023068065572404414,0.40866906822983784,1.6054780274868041,1.3663578728857892,
0.4912109375,0.022906163779829465,0.4039414169122305,1.4929042418598253,1.3612775869616267,
0.4921875,0.022761458480038556,0.3992121617615227,1.3801697397901869,1.3561903226385004,
0.4931640625,0.022633898336491393,0.3944814808298334,1.2672971744820907,1.3510962996948235,
0.494140625,0.022523438015116623,0.38974955222293056,1.1543093466972003,1.3459957374715887,
0.4951171875,0.022430038198254638,0.38501655409352864,1.0412291857838283,1.3408888548573075,
0.49609375,0.022353665596727343,0.3802826646345853,0.9280797299963417,1.3357758702730498,
0.4970703125,0.022294292960040533,0.37554806207259683,0.8148841069738251,1.3306570016575863,
0.498046875,0.022251899084724178,0.3708129246608915,0.7016655144407303,1.3255324664526311,
0.4990234375,0.022226468820815047,0.3660774294347596,0.5964122259826208,1.3204024815881892,
0.5,0.022217993076484623,0.3613417410609784,0.538972827470317,1.3152672634680094,
0.5009765625,0.022226468820815033,0.3566059808760094,0.561233914696132,1.3101270279551425,
0.501953125,0.022251899084724185,0.3518702058313878,0.6313674865217405,1.3049819903576063,
0.5029296875,0.022294292960040523,0.34713442954162493,0.7095835334225722,1.2998323654141632,
0.50390625,0.02235366559672735,0.3423986532393036,0.7879523211097399,1.2946783672802016,
0.5048828125,0.022430038198254634,0.3376628769188451,0.8665091326539063,1.2895202095137337,
0.505859375,0.022523438015116613,0.3329271005746728,0.9452892421565108,1.2843581050615036,
0.5068359375,0.0226338983364914,0.32819132420121216,1.0243279134063887,1.279192266245207,
0.5078125,0.02276145848003854,0.3234555477928914,1.1036603987410112,1.2740229047478293,
0.5087890625,0.02290616377982946,0.31871977134414253,1.1833219379158695,1.2688502316000958,
0.509765625,0.023068065572404407,0.3139839948494007,1.2633477568656066,1.2636744571670402,
0.5107421875,0.023247221180949247,0.30924821830310556,1.3437730661163134,1.2584957911346906,
0.51171875,0.023443693897584043,0.3045124416997015,1.424633060424698,1.2533144424968745,
0.5126953125,0.023657552963754547,0.2997766650336381,1.5059629169533757,1.2481306195421442,
0.513671875,0.023888873548717354,0.29504088829937053,1.5877977936525687,1.24294452984082,
0.5146484375,0.024137736726107605,0.2903051114913601,1.6701728288150033,1.2377563802321598,
0.515625,0.024404229448578757,0.28556933460407485,1.7531231393633684,1.2325663768116488,
0.5166015625,0.024688444520501538,0.28083355763198986,1.8366838197352577,1.227374724918412,
0.517578125,0.024990480568709523,0.27609778056958817,1.920889940447901,1.2221816291227532,
0.5185546875,0.025310442011277866,0.27136200341136063,2.0057765468456434,1.21698729321382,
0.51953125,0.025648439024320263,0.26662622615180703,2.0913786578355253,1.2117919201873926,
0.5205078125,0.026004587506789602,0.26189044878543644,2.1777312645945996,1.2065957122338027,
0.521484375,0.02637900904326604,0.2571546713067674,2.2648693287123667,1.2013988707259784,
0.5224609375,0.026771830864716285,0.2524188937103291,2.352827781673274,1.196201596207619,
0.5234375,0.027183185807207088,0.24768311599066134,2.4416415230621955,1.1910040883814996,
0.5244140625,0.027613212268554926,0.24294733814231542,2.5313454185456292,1.1858065460979064,
0.525390625,0.02806205416289423,0.2382115601598544,2.6219742992511494,1.1806091673432022,
0.5263671875,0.028529860873144734,0.23347578203785405,2.7135629599203064,1.1754121492285248,
0.52734375,0.029016787201359286,0.22874000377090314,2.8061461574625093,1.170215687978618,
0.5283203125,0.029522993316932176,0.22400422535360437,2.8997586093168977,1.1650199789207956,
0.529296875,0.03004864470264797,0.21926844678057453,2.9944349920282884,1.1598252164740404,
0.5302734375,0.03059391209855043,0.21453266804644544,3.0902099392040956,1.154631594138237,
0.53125,0.031158971443610663,0.20979688914586442,3.1871180405893518,1.1494393044835394,
0.5322265625,0.03174400381517355,0.20506111007349512,3.285193839988368,1.1442485391398767,
0.533203125,0.0323491953661612,0.2003253308240179,3.3844718330257346,1.139059488786594,
0.5341796875,0.0329747372600118,0.1955895513921306,3.4849864661327388,1.133872343142229,
0.53515625,0.03362082560333238,0.19085377177254936,3.5867721343312855,1.1286872909544303,
0.5361328125,0.03428766137624379,0.1861179919600092,3.6898631793892105,1.1235045199900087,
0.537109375,0.03497545036039587,0.18138221194926465,3.79429388783174,1.1183242170251326,
0.5380859375,0.03568440306463157,0.17664643173509076,3.9000984889846366,1.1131465678356571,
0.5390625,0.0364147346482776,0.17191065131228356,4.007311152851205,1.1079717571875987,
0.5400390625,0.03716666484204073,0.1671748706756609,4.1159659880246044,1.1027999688277441,
0.541015625,0.03794041786648774,0.16243908982006333,4.226097039090227,1.097631385474404,
0.5419921875,0.038736222348087906,0.15770330874035474,4.337738285108387,1.0924661888083058,
0.54296875,0.03955431123279746,0.1529675274314234,4.450923636742597,1.087304559463629,
0.5439453125,0.04039492169716449,0.1482317458881825,4.565686933409487,1.0821466770191797,
0.544921875,0.04125829505693507,0.1434959641055713,4.68206194146083,1.0769927199897094,
0.5458984375,0.04214467667313959,0.13876018207855584,4.800082351102532,1.071842865817376,
0.546875,0.04305431585564116,0.13402439980212993,4.919781773804107,1.066697290863347,
0.5478515625,0.04398746576412608,0.12928861727131605,5.041193739317788,1.0615561703995446,
0.548828125,0.04494438330651883,0.12455283448116641,5.164351692735618,1.0564196786005355,
0.5498046875,0.04592532903480405,0.11981705142676374,5.289288991459949,1.0512879885355635,
0.55078125,0.04693056703823811,0.11508126810322244,5.416038902006371,1.0461612721607252,
0.5517578125,0.04796036483393487,0.11034548450568954,5.544634596179334,1.0410397003112917,
0.552734375,0.04901499325480978,0.1056097006293459,5.675109148443982,1.0359234426941704,
0.5537109375,0.05009472633486833,0.10087391646940728,5.807495531808022,1.0308126678805152,
0.5546875,0.051199841191825454,0.09613813202112527,5.941826613561005,1.025707543298478,
0.5556640625,0.052330617907043325,0.0914023472797886,6.078135152131619,1.0206082352261059,
0.556640625,0.053487339402776335,0.08666656224072457,6.216453792493169,1.0155149087843827,
0.5576171875,0.05467029131671313,0.08193077689929978,6.3568150619621795,1.0104277279304155,
0.55859375,0.0558797618738067,0.07719499125092176,6.499251365662957,1.0053468554507645,
0.5595703125,0.05711604175538472,0.07245920529104023,6.643794981843653,1.0002724529549194,
0.560546875,0.05837942396553387,0.06772341901514835,6.790478056981973,0.9952046808689183,
0.5615234375,0.05967020369475297,0.06298763241878412,6.939332600710086,0.9901436984291146,
0.5625,0.060988678180871454,0.05825184549753184,7.090390479989387,0.9850896636760844,
0.5634765625,0.062335146567230874,0.053516058247023594,7.2436834143886575,0.9800427334486823,
0.564453125,0.06370990975812924,0.04878027066294071,7.399242969743047,0.9750030633782392,
0.5654296875,0.06511327027152852,0.04404448274101526,7.557100551563112,0.9699708078829065,
0.56640625,0.06654553208902901,0.039308694477031766,7.717287399503134,0.9649461201621437,
0.5673828125,0.06800700050311408,0.03457290586682872,7.879834580198869,0.9599291521913497,
0.568359375,0.06949798196167184,0.02983711690630037,8.044772980399223,0.9549200547166405,
0.5693359375,0.07101878390980199,0.02510132759139843,8.212133299674708,0.9499189772497686,
0.5703125,0.0725697146289173,0.020365537918133867,8.381946042786808,0.9449260680631872,
0.5712890625,0.07415108307315184,0.015629747882578728,8.554241511732343,0.9399414741852586,
0.572265625,0.0757631987030897,0.010893957480868056,8.72904979752557,0.9349653413956056,
0.5732421875,0.07740637131683017,0.006158166709201783,8.906400771023195,0.9299978142206051,
0.57421875,0.07908091087840705,0.0014223755638468896,9.086324074726289,0.9250390359290275,
0.5751953125,0.08078712734358255,-0.003313415958860644,9.268849112815642,0.9200891485278145,
0.576171875,0.08252533048303784,-0.008049207862513818,9.454005040767063,0.9151482927580054,
0.5771484375,0.08429582970298462,-0.012785000150632312,9.641820755902184,0.9102166080907986,
0.578125,0.0860989338632249,-0.01752079282666024,9.832324886117222,0.9052942327237613,
0.5791015625,0.0879349510926876,-0.022256585893963888,10.025545778724608,0.9003813035771764,
0.580078125,0.08980418860247402,-0.02699237935582934,10.22151148870992,0.8954779562905318,
0.5810546875,0.09170695249644505,-0.03172817321546005,10.420249766487329,0.8905843252191528,
0.58203125,0.09364354757938778,-0.036463967475974336,10.621788045138524,0.8857005434309713,
0.5830078125,0.0956142771627991,-0.04119976214040285,10.826153427179715,0.8808267427034367,
0.583984375,0.0976194428683281,-0.04593555721168599,11.033372670181839,0.8759630535205678,
0.5849609375,0.09965934442892117,-0.05067135269267104,11.243472173217105,0.8711096050701416,
0.5859375,0.1017342794877158,-0.0554071485861095,11.456477961288378,0.8662665252410222,
0.5869140625,0.10384454339473256,-0.060142944894654375,11.672415669135605,0.8614339406206276,
0.587890625,0.1059904290014166,-0.06487874162085712,11.891310525794001,0.8566119764925346,
0.5888671875,0.10817222645308289,-0.06961453876716477,12.11318733709686,0.8518007568342206,
0.58984375,0.11039022297932252,-0.07435033633591674,12.338070468072889,0.8470004043149428,
0.5908203125,0.11264470268242939,-0.07908613432934189,12.565983824542341,0.8422110402937529,
0.591796875,0.11493594632390979,-0.08382193274955517,12.796950833991966,0.8374327848176486,
0.5927734375,0.11726423110914003,-0.08855773159855446,13.030994425659186,0.8326657566198592,
0.59375,0.11962983047023996,-0.0932935308782172,13.26813700997877,0.8279100731182669,
0.5947265625,0.12203301384723288,-0.09802933059029702,13.508400456617064,0.8231658504139616,
0.595703125,0.12447404646756571,-0.10276513073642002,13.751806073054711,0.8184332032899285,
0.5966796875,0.1269531891240644,-0.10750093131808149,13.99837458094565,0.8137122452098705,
0.59765625,0.12947069795140523,-0.11223673233664228,14.248126091608036,0.8090030883171604,
0.5986328125,0.13202682420118242,-0.11697253379332496,14.501080082021751,0.8043058434339263,
0.599609375,0.13462181401565665,-0.12170833568921004,14.757255368471718,0.7996206200602678,
0.6005859375,0.13725590820027245,-0.12644413802523222,15.01667007991517,0.7949475263736018,
0.6015625,0.1399293419950337,-0.13117994080217638,15.279341630247071,0.7902866692281378,
0.6025390625,0.1426423448448306,-0.1359157440206737,15.545286689612398,0.7856381541544837,
0.603515625,0.14539514016881286,-0.14065154768119736,15.814521154206812,0.781002085359377,
0.6044921875,0.1481879451289086,-0.1453873517840586,16.08706011647434,0.7763785657255466,
0.60546875,0.15102097039758827,-0.1501231563294024,16.362917832715233,0.7717676968116984,
0.6064453125,0.15389441992497865,-0.1548589613172036,16.642107689632432,0.7671695788526289,
0.607421875,0.15680849070543207,-0.15959476674726208,16.924642171257734,0.7625843107594629,
0.6083984375,0.15976337254366038,-0.16433057261919856,17.210532823345886,0.7580119901200165,
0.609375,0.16275924782054518,-0.1690663789324501,17.499790217204307,0.7534527131992835,
0.6103515625,0.1657962912587379,-0.17380218568626582,17.792423912132165,0.7489065749400432,
0.611328125,0.16887466968816667,-0.17853799287970212,18.088442416844412,0.7443736689635931,
0.6123046875,0.17199454181156854,-0.18327380051161823,18.387853149701613,0.7398540875706001,
0.61328125,0.17515605797016928,-0.1880096085806713,18.69066239758503,0.7353479217420738,
0.6142578125,0.17835935990963403,-0.19274541708531212,18.99687527312731,0.7308552611404591,
0.615234375,0.1816045805464151,-0.19748122602378,19.306495672149524,0.7263761941108465,
0.6162109375,0.18489184373462558,-0.202217035394098,19.619526228120538,0.721910807682302,
0.6171875,0.18822126403356954,-0.20695284519406834,19.935968265563954,0.7174591875693119,
0.6181640625,0.19159294647606084,-0.2116886554212675,20.25582175357329,0.7130214181733456,
0.619140625,0.19500698633766747,-0.21642446607304136,20.579085256416185,0.7085975825845334,
0.6201171875,0.19846346890701622,-0.22116027714650013,20.9057558835979,0.7041877625834557,
0.62109375,0.20196246925729824,-0.22589608863851346,21.235829238365366,0.6997920386430514,
0.6220703125,0.20550405201911598,-0.23063190054570584,21.569299364860566,0.6954104899306319,
0.623046875,0.20908827115481382,-0.23536771286445135,21.906158694044667,0.6910431943100123,
0.6240234375,0.21271516973443744,-0.24010352559086887,22.246397988245537,0.686690228343751,
0.625,0.21638477971346823,-0.24483933872081737,22.590006283679244,0.6823516672954968,
0.6259765625,0.22009712171247955,-0.24957515224989046,22.93697083324436,0.6780275851324498,
0.626953125,0.22385220479886528,-0.2543109661734118,23.287277046306606,0.6737180545279244,
0.6279296875,0.22765002627079023,-0.2590467804864307,23.640908427195573,0.669423146864024,
0.62890625,0.2314905714435152,-0.26378259518371655,23.997846513821393,0.6651429322344179,
0.6298828125,0.23537381343824915,-0.2685184102597544,24.358070813494148,0.6608774794472242,
0.630859375,0.23929971297368388,-0.2732542257087402,24.721558738106058,0.6566268560279982,
0.6318359375,0.24326821816036448,-0.27799004152457607,25.08828553761873,0.6523911282228197,
0.6328125,0.24727926429805447,-0.2827258577008657,25.45822423251118,0.6481703610014866,
0.6337890625,0.25133277367625034,-0.28746167423090996,25.831345544961724,0.6439646180608062,
0.634765625,0.25542865537800447,-0.29219749110770205,26.207617828536815,0.6397739618279861,
0.6357421875,0.25956680508721425,-0.2969333083239233,26.587006997005705,0.6355984534641275,
0.63671875,0.26374710489953646,-0.3016691258719391,26.969476451372422,0.6314381528678102,
0.6376953125,0.26796942313708594,-0.3064049437437944,27.354987006275447,0.6272931186787799,
0.638671875,0.2722336141670775,-0.31114076193120965,27.74349681610128,0.6231634082817286,
0.6396484375,0.2765395182245711,-0.31587658042557726,28.13496129765449,0.6190490778101675,
0.640625,0.28088696123948037,-0.3206123992179576,28.52933305253932,0.6149501821503984,
0.6416015625,0.28527575466800126,-0.325348218299075,28.92656179124374,0.6108667749455722,
0.642578125,0.2897056953286236,-0.33008403765931443,29.32659425435204,0.606798908599842,
0.6435546875,0.294176565242881,-0.33481985728871816,29.72937413076101,0.6027466342826062,
0.64453125,0.29868813148099926,-0.33955567717698304,30.13484197711642,0.5987100019328383,
0.6455078125,0.30324014601259963,-0.344291497313457,30.5429351385664,0.5946890602635084,
0.646484375,0.30783234556261463,-0.3490273176871362,30.95358766710669,0.5906838567660881,
0.6474609375,0.31246445147257135,-0.3537631382866628,31.366730235846685,0.5866944377151445,
0.6484375,0.3171361695673977,-0.3584989591003225,31.782290058008794,0.5827208481730165,
0.6494140625,0.3218471900279044,-0.363234780116042,32.20019080558519,0.5787631319945751,
0.650390625,0.32659718726909576,-0.36797060132138737,32.620352522561525,0.5748213318320691,
0.6513671875,0.3313858198244595,-0.372706422703563,33.04269154126644,0.5708954891400471,
0.65234375,0.3362127302363847,-0.3774422442494093,33.467120400500306,0.5669856441803651,
0.6533203125,0.3410775449528554,-0.3821780659454015,33.89354776190345,0.5630918360272703,
0.654296875,0.3459798742305656,-0.3869138877776499,34.32187832410827,0.5592141025725625,
0.6552734375,0.35091931204459814,-0.39164970973189894,34.752012739306316,0.5553524805308355,
0.65625,0.3558954360048105,-0.3963855317935261,35.183847532700064,0.5515070054447909,
0.6572265625,0.360907807279064,-0.4011213539475424,35.61727502041528,0.5476777116906293,
0.658203125,0.3659559705234353,-0.4058571761785937,36.05218322443722,0.5438646324835135,
0.6591796875,0.37103945381954223,-0.4105929984709604,36.48845579411242,0.5400677998831044,
0.66015625,0.3761577686191162,-0.41532882080855876,36.925971928662904,0.5362872447991689,
0.6611328125,0.38131040969594865,-0.42006464317494235,37.364606295517945,0.5325229969972577,
0.662109375,0.38649685510533754,-0.42480046555330464,37.804228953553746,0.5287750851044513,
0.6630859375,0.39171656615115424,-0.42953628792648,38.24470527990717,0.5250435366151751,
0.6640625,0.39696898736065195,-0.43427211027694684,38.685895896578366,0.5213283778970811,
0.6650390625,0.4022535464671288,-0.4390079325868306,39.12765659666567,0.5176296341969938,
0.666015625,0.40756965440055776,-0.443743754837907,39.56983827503145,0.5139473296469228,
0.6669921875,0.412916705286292,-0.4484795770116061,40.01228686368613,0.5102814872701369,
0.66796875,0.41829407645194877,-0.4532153990890162,40.454843267847856,0.5066321289873016,
0.6689453125,0.4237011284425725,-0.45795122105088854,40.89734330095278,0.5029992756226771,
0.669921875,0.42913720504417263,-0.46268704287764284,41.33961762859368,0.49938294691037616,
0.6708984375,0.43460163331572776,-0.46742286454937204,41.781491715855815,0.4957831615006806,
0.671875,0.44009372362974364,-0.4721586860458492,42.22278577249838,0.4921999369664165,
0.6728515625,0.44561276972144787,-0.47689450734653327,42.66331470567646,0.4886332898093848,
0.673828125,0.45115804874669857,-0.4816303284305761,43.102888078866314,0.48508323546684706,
0.6748046875,0.456728821348681,-0.48636614927683025,43.54131007303929,0.4815497883180665,
0.67578125,0.4623243317334609,-0.49110196986385624,43.978379449975066,0.47803296169090126,
0.6767578125,0.4679438077544569,-0.49583779016993185,44.4138895228529,0.4745327678684502,
0.677734375,0.4735864610058913,-0.50057361017306,44.847628134491984,0.4710492180957492,
0.6787109375,0.4792514869252721,-0.5053094298509786,45.27937763899628,0.4675823225865165,
0.6796875,0.48493806490495306,-0.5100452491811701,45.70891488499531,0.4641320905299478,
0.6806640625,0.4906453584128165,-0.5147810681408722,46.13601121115967,0.460698530097558,
0.681640625,0.49637251512211295,-0.5195168867070878,46.56043244812517,0.4572816484500692,
0.6826171875,0.5021186670504904,-0.5242527048565976,46.9819389209319,0.45388145174434463,
0.68359375,0.5078829307082383,-0.528988522565971,47.40028546247621,0.450497945140365,
0.6845703125,0.5136644072557665,-0.5337243398115784,47.81522143626018,0.44713113280824945,
0.685546875,0.5194621826703313,-0.5384601565696042,48.22649076442051,0.44378101793531743,
0.6865234375,0.5252753279220185,-0.5431959728160608,48.63383196131196,0.4404476027331911,
0.6875,0.5311028991589832,-0.547931788526801,49.03697817731731,0.4371308884449381,
0.6884765625,0.5369439379019443,-0.5526676036775333,49.435657253872556,0.4338308753522519,
0.689453125,0.5427974712479195,-0.5574034182438359,49.829591785239494,0.43054756278266926,
0.6904296875,0.5486625120831894,-0.5621392322011726,50.21849918440249,0.4272809491168258,
0.69140625,0.5545380593054611,-0.5668750455249081,50.602091765244225,0.4240310317957439,
0.6923828125,0.5604230980552078,-0.571610858190324,50.98007683438995,0.42079780732815747,
0.693359375,0.5663165999561439,-0.5763466701726361,51.352156786196566,0.41758127129786715,
0.6943359375,0.5722175233647964,-0.5810824814470108,51.71802921231617,0.41438141837112863,
0.6953125,0.5781248136291219,-0.5858182919885833,52.07738702380034,0.4111982423040726,
0.6962890625,0.5840374033561142,-0.5905541017724741,52.42991858183989,0.4080317359501521,
0.697265625,0.5899542126883414,-0.595289910773809,52.77530783471439,0.40488189126762064,
0.6982421875,0.5958741495893423,-0.6000257189677364,53.113234472819514,0.40174869932703666,
0.69921875,0.6017961101378095,-0.6047615263294475,53.44337409510646,0.39863215031879434,
0.7001953125,0.607718978830474,-0.6094973328341955,53.765398379704884,0.3955322335606812,
0.701171875,0.6136416288936065,-0.6142331384573153,54.078975271361145,0.39244893750545795,
0.7021484375,0.6195629226030388,-0.618968943174244,54.38376918306182,0.38938224974846397,
0.703125,0.6254817116126019,-0.6237047469605401,54.67944120677463,0.38633215703524293,
0.7041015625,0.6313968372908775,-0.6284405497919066,54.965649334002514,0.38329864526919055,
0.705078125,0.6373071310661426,-0.6331763516442104,55.24204869112874,0.3802816995192229,
0.7060546875,0.6432114147793904,-0.6379121524935043,55.50829178981649,0.37728130402746335,
0.70703125,0.6491085010452963,-0.6426479523160483,55.76402878767652,0.37429744221694755,
0.7080078125,0.6549971936209977,-0.6473837510883323,56.008907756448785,0.37133009669934575,
0.708984375,0.6608762877825441,-0.6521195487870975,56.24257497013907,0.36837924928270077,
0.7099609375,0.6667445707088722,-0.656855345389359,56.46467520574643,0.36544488097918176,
0.7109375,0.6726008218731521,-0.6615911408724278,56.67485204860883,0.3625269720128512,
0.7119140625,0.6784438134413441,-0.6663269352139343,56.872748215634665,0.35962550182744607,
0.712890625,0.6842723106778011,-0.6710627283918502,57.058005893313336,0.3567404490941696,
0.7138671875,0.6900850723577435,-0.6757985203845116,57.23026708478328,0.35387179171949495,
0.71484375,0.695880851186429,-0.6805343111706418,57.38917396648398,0.35101950685297945,
0.7158203125,0.7016583942248327,-0.6852701007293746,57.53436925932425,0.3481835708950871,
0.716796875,0.7074164433216474,-0.6900058890402768,57.66549661436304,0.34536395950501986,
0.7177734375,0.7131537355514092,-0.6947416760833707,57.78220100751227,0.3425606476085554,
0.71875,0.718869003658543,-0.6994774618391584,57.88412914040844,0.339773609405892,
0.7197265625,0.7245609765071274,-0.7042132462886436,57.970929859212994,0.3370028183794983,
0.720703125,0.7302283795361578,-0.7089490294133538,58.042254584407274,0.3342482473019675,
0.7216796875,0.7358699352200977,-0.713684811195364,58.0977577431111,0.33150986824387496,
0.72265625,0.741484363534488,-0.718420591617319,58.13709721511722,0.32878765258163833,
0.7236328125,0.7470703824263908,-0.7231563706624552,58.15993479151024,0.3260815710053794,
0.724609375,0.7526267082894311,-0.7278921483146226,58.16593663904056,0.32339159352678654,
0.7255859375,0.7581520564431993,-0.7326279245583068,58.15477376912929,0.3207176894869767,
0.7265625,0.7636451416167711,-0.7373636993786512,58.12612251755401,0.31805982756435747,
0.7275390625,0.7691046784360975,-0.7420994727614769,58.079665033962314,0.3154179757824851,
0.728515625,0.7745293819150122,-0.7468352446933036,58.015089775033154,0.3127921015179213,
0.7294921875,0.7799179679496009,-0.7515710151613718,57.93209199782252,0.3101821715080863,
0.73046875,0.7852691538156715,-0.7563067841536614,57.83037426577366,0.30758815185910593,
0.7314453125,0.7905816586690614,-0.7610425516589111,57.70964695885078,0.30501000805365514,
0.732421875,0.7958542040485133,-0.7657783176666386,57.56962877853101,0.30244770495879336,
0.7333984375,0.801085514380849,-0.7705140821671598,57.41004726091444,0.2999012068337938,
0.734375,0.8062743174881649,-0.7752498451516052,57.23063929407215,0.2973704773379649,
0.7353515625,0.811419345096773,-0.7799856066119388,57.031151631959695,0.29485547953846225,
0.736328125,0.8165193333476036,-0.7847213665409747,56.81134140568933,0.29235617591809177,
0.7373046875,0.821573023307788,-0.7894571249323943,56.57097663653179,0.2898725283831011,
0.73828125,0.8265791614831348,-0.7941928817807608,56.30983674920889,0.28740449827096154,
0.7392578125,0.8315365003312095,-0.7989286370815359,56.02771307940889,0.2849520463581364,
0.740234375,0.8364437987747259,-0.8036643908310929,55.72440937117161,0.28251513286783764,
0.7412109375,0.8412998227149595,-0.8084001430267312,55.39974227712644,0.2800937174777683,
0.7421875,0.8461033455448845,-0.8131358936666893,55.05354185218182,0.27768775932785095,
0.7431640625,0.8508531486617392,-0.8178716427501564,54.68565203111734,0.27529721702794063,
0.744140625,0.8555480219787227,-0.8226073902772851,54.29593110258581,0.2729220486655225,
0.7451171875,0.8601867644355237,-0.8273431362492005,53.88425217659506,0.27056221181339235,
0.74609375,0.8647681845073809,-0.8320788806680105,53.450503637652176,0.26821766353732035,
0.7470703125,0.869291100712376,-0.8368146235368147,52.99458958136749,0.26588836040369607,
0.748046875,0.8737543421166569,-0.8415503648597136,52.516430241837035,0.2635742584871553,
0.7490234375,0.8781567488372904,-0.8462861046418139,52.0159624078543,0.26127531337818743,
0.75,0.8824971725424455,-0.8510218428892354,51.49313981997704,0.2589914801907219,
0.7509765625,0.8867744769486017,-0.8557575796091171,50.94793354514651,0.2567227135696949,
0.751953125,0.8909875383144868,-0.8604933148096208,50.380332342090774,0.25446896769859373,
0.7529296875,0.8951352459314421,-0.8652290484999328,49.79034300766915,0.2522301963069793,
0.75390625,0.8992165026099163,-0.8699647806902682,49.17799069419283,0.25000635267798554,
0.7548828125,0.9032302251617901,-0.874700511391873,48.54331921097822,0.24779738965579548,
0.755859375,0.907175344878238,-0.879436240617022,47.88639130720274,0.24560325965309313,
0.7568359375,0.911050808002829,-0.8841719683790189,47.20728892800217,0.24342391465849064,
0.7578125,0.9148555761995749,-0.8889076946921952,46.50611344172954,0.24125930624392966,
0.7587890625,0.9185886270156383,-0.8936434195719075,45.78298584633368,0.23910938557205708,
0.759765625,0.922248954338407,-0.8983791430345319,45.03804695302658,0.23697410340357386,
0.7607421875,0.9258355688466532,-0.9031148650974614,44.271457539284214,0.2348534101045569,
0.76171875,0.9293474984554926,-0.907850585779098,43.483398468094016,0.23274725565375262,
0.7626953125,0.9327837887548643,-0.9125863050988469,42.674070787635344,0.2306555896498423,
0.763671875,0.936143503441254,-0.9173220230771078,41.84369580159757,0.22857836131867879,
0.7646484375,0.9394257247423876,-0.9220577397352661,40.99251510019786,0.22651551952049298,
0.765625,0.9426295538346263,-0.926793455095682,40.12079056627228,0.22446701275707054,
0.7666015625,0.9457541112527968,-0.9315291691816799,39.22880435389261,0.2224327891788981,
0.767578125,0.948798537292195,-0.9362648820175359,38.31685883172929,0.22041279659227803,
0.7685546875,0.9517619924025066,-0.9410005936284638,37.385276489610476,0.2184069824664113,
0.76953125,0.954643657573391,-0.9457363040406025,36.43439981723948,0.2164152939404485,
0.7705078125,0.9574427347114827,-0.9504720132809983,35.46459115383468,0.21443767783050782,
0.771484375,0.9601584470085638,-0.9552077213775897,34.47623250110286,0.21247408063665987,
0.7724609375,0.9627900393006733,-0.9599434283591902,33.46972529717057,0.21052444854987873,
0.7734375,0.9653367784179187,-0.964679134255469,32.44549016692668,0.20858872745895854,
0.7744140625,0.9677979535247636,-0.9694148390969319,31.403966639378282,0.20666686295739595,
0.775390625,0.9701728764505698,-0.9741505429149016,30.345612822607585,0.2047588003502366,
0.7763671875,0.9724608820101802,-0.9788862457414956,29.27090505203138,0.2028644846608867,
0.77734375,0.9746613283143305,-0.9836219476096043,28.180337510145883,0.2009838606378879,
0.7783203125,0.9767735970696901,-0.9883576485528681,27.074421810613707,0.19911687276165624,
0.779296875,0.9787970938683332,-0.9930933486056535,25.953686546006423,0.1972634652511836,
0.7802734375,0.9807312484664518,-0.9978290478030283,24.81867680931258,0.195423582070702,
0.78125,0.9825755150521271,-1.0025647461807354,23.669953688809166,0.19359716693631046,
0.7822265625,0.9843293725019837,-1.0073004437751665,22.508093729420818,0.19178416332256285,
0.783203125,0.985992324626556,-1.0120361406233354,21.333688359031477,0.18998451446901796,
0.7841796875,0.9875639004042068,-1.0167718367628513,20.147343296535972,0.18819816338675027,
0.78515625,0.9890436542034442,-1.0215075322318878,18.949677932823093,0.18642505286482128,
0.7861328125,0.9904311659934864,-1.0262432270691544,17.74132467589803,0.1846651254767112,
0.787109375,0.9917260415429384,-1.030978921313868,16.52292827761108,0.18291832358671087,
0.7880859375,0.9929279126064491,-1.035714615005722,15.295145139890725,0.18118458935627255,
0.7890625,0.994036437099221,-1.0404503081848528,14.058642594684004,0.17946386475032072,
0.7900390625,0.9950512992592624,-1.0451860008918117,12.814098158877453,0.17775609154352143,
0.791015625,0.9959722097972696,-1.0499216931675308,11.562198773070746,0.17606121132651004,
0.7919921875,0.996798906034042,-1.0546573850532912,10.303640025649123,0.1743791655120775,
0.79296875,0.997531152025337,-1.0593930765906894,9.039125356731308,0.17270989534131467,
0.7939453125,0.9981687386740844,-1.0641287678216038,7.769365239177101,0.17105334188971386,
0.794921875,0.998711483829881,-1.0688644587881633,6.495076356877286,0.16940944607322822,
0.7958984375,0.9991592323757044,-1.0736001495327097,5.21698077072884,0.16777814865428783,
0.796875,0.9995118563017837,-1.0783358400977667,3.935805061750786,0.1661593902477729,
0.7978515625,0.9997692547665801,-1.0830715305260041,2.65227947404349,0.1645531113269433,
0.798828125,0.9999313541448362,-1.0878072208602034,1.3671370537542435,0.16295925222932453,
0.7998046875,0.9999981080626628,-1.092542911143223,0.0811127773861802,0.1613777531625495,
0.80078125,0.9999694974196363,-1.0972786014179632,-1.2050573267423335,0.15980855421015644,
0.8017578125,0.999845530397898,-1.1020142917273312,-2.4906370555131967,0.15825159533734198,
0.802734375,0.9996262424582435,-1.1067499821142066,-3.774890904589939,0.15670681639667006,
0.8037109375,0.9993116963232064,-1.1114856726214062,-5.05708494389367,0.15517415713373559,
0.8046875,0.9989019819471505,-1.1162213632916493,-6.336487696579788,0.1536535571927831,
0.8056640625,0.9983972164733863,-1.120957054167524,-7.612371003160019,0.15214495612227982,
0.806640625,0.9977975441783424,-1.1256927452914518,-8.884010878976163,0.15064829338044447,
0.8076171875,0.9971031364028295,-1.1304284367056523,-10.150688373321934,0.14916350834072856,
0.80859375,0.9963141914704416,-1.135164128452111,-11.41169041188661,0.1476905402972535,
0.8095703125,0.9954309345931497,-1.139899820572544,-12.666310624223943,0.14622932847020073,
0.810546875,0.9944536177641498,-1.1446355131083656,-13.913850161257653,0.14477981201115586,
0.8115234375,0.9933825196380378,-1.149371206100655,-15.15361850450062,0.14334193000840725,
0.8125,0.9922179453983914,-1.1541068995901225,-16.38493424896068,0.14191562149219678,
0.8134765625,0.9909602266128439,-1.1588425936170799,-17.607125868163095,0.14050082543992512,
0.814453125,0.9896097210757506,-1.1635782882214059,-18.81953246972441,0.13909748078130996,
0.8154296875,0.9881668126385496,-1.1683139834425167,-20.021504523443266,0.1377055264034969,
0.81640625,0.9866319110279296,-1.1730496793193337,-21.21240456486679,0.1363249011561246,
0.8173828125,0.9850054516519268,-1.1777853758902548,-22.391607878074208,0.1349555438563413,
0.818359375,0.9832878953940778,-1.1825210731931235,-23.558503157723145,0.1335973932937753,
0.8193359375,0.9814797283957652,-1.1872567712652013,-24.71249314388669,0.13225038823545784,
0.8203125,0.979581461826901,-1.1919924701431397,-25.85299522434332,0.13091446743069832,
0.8212890625,0.9775936316450965,-1.1967281698629504,-26.97944201251522,0.12958956961591278,
0.822265625,0.9755167983434807,-1.2014638704599825,-28.091281904598357,0.12827563351940413,
0.8232421875,0.9733515466873306,-1.2061995719688925,-29.187979596803967,0.12697259786609533,
0.82421875,0.9710984854396888,-1.2109352744236226,-30.26901657267781,0.12568040138221478,
0.8251953125,0.9687582470761463,-1.2156709778573744,-31.333891569393746,0.12439898279993367,
0.826171875,0.9663314874889803,-1.2204066823025865,-32.38212100619607,0.12312828086195671,
0.8271484375,0.9638188856808383,-1.2251423877909113,-33.41323937782545,0.12186823432606361,
0.828125,0.9612211434481693,-1.2298780943531928,-34.4267996193995,0.12061878196960397,
0.8291015625,0.958538985054611,-1.2346138020194477,-35.422373442390686,0.1193798625939438,
0.830078125,0.9557731568945409,-1.239349510818844,-36.39955163409524,0.11815141502886412,
0.8310546875,0.9529244271470151,-1.2440852207796829,-37.35794432048781,0.11693337813691249,
0.83203125,0.9499935854203172,-1.24882093192938,-38.29718119927557,0.1157256908177056,
0.8330078125,0.9469814423873456,-1.2535566442944495,-39.21691174620336,0.11452829201218487,
0.833984375,0.943888829412078,-1.258292357900489,-40.1168053788499,0.11334112070682381,
0.8349609375,0.9407165981673531,-1.263028072772163,-40.99655158767776,0.11216411593778759,
0.8359375,0.9374656202442133,-1.26776378893319,-41.85586004396225,0.11099721679504529,
0.8369140625,0.9341367867530611,-1.2724995064063305,-42.694460669084954,0.10984036242643358,
0.837890625,0.9307310079168855,-1.2772352252133727,-43.51210366887183,0.10869349204167324,
0.8388671875,0.9272492126568136,-1.2819709453751262,-44.30855953994353,0.10755654491633793,
0.83984375,0.9236923481702581,-1.2867066669114071,-45.08361904939476,0.106429460395775,
0.8408203125,0.920061379501922,-1.2914423898410339,-45.83709317939726,0.10531217789897926,
0.841796875,0.9163572891079365,-1.2961781141818176,-46.56881303859898,0.10420463692241864,
0.8427734375,0.9125810764134054,-1.3009138399505558,-47.2786297497082,0.10310677704381244,
0.84375,0.9087337573636363,-1.3056495671630284,-47.96641431286602,0.10201853792586282,
0.8447265625,0.904816363969337,-1.310385295833992,-48.632057432408104,0.10093985931993797,
0.845703125,0.900829943846066,-1.3151210259771773,-49.27546931827883,0.09987068106970898,
0.8466796875,0.8967755597482201,-1.319856757605285,-49.896579470119654,0.09881094311473873,
0.84765625,0.8926542890978524,-1.3245924907299884,-50.49533643067748,0.09776058549402415,
0.8486328125,0.8884672235086082,-1.3293282253619303,-51.07170751248395,0.09671954834949167,
0.849609375,0.8842154683050786,-1.334063961510725,-51.62567850525981,0.095687771929445,
0.8505859375,0.8799001420378589,-1.3387996991849607,-52.157253364981294,0.09466519659196723,
0.8515625,0.8755223759946189,-1.3435354383922018,-52.66645387887932,0.09365176280827531,
0.8525390625,0.8710833137074726,-1.3482711791389916,-53.153319307564125,0.09264741116602827,
0.853515625,0.8665841104569555,-1.353006921430859,-53.617906011689435,0.09165208237258962,
0.8544921875,0.8620259327729036,-1.3577426652723235,-54.06028706713516,0.09066571725824221,
0.85546875,0.8574099579325383,-1.3624784106669015,-54.48055185523175,0.08968825677935825,
0.8564453125,0.8527373734560545,-1.3672141576171146,-54.87880563801711,0.0887196420215223,
0.857421875,0.8480093766000177,-1.3719499061244989,-55.25516912832207,0.0877598142026087,
0.8583984375,0.8432271738488651,-1.3766856561896128,-55.60977804127855,0.08680871467581365,
0.859375,0.8383919804048163,-1.3814214078120477,-55.94278263143778,0.08586628493264076,
0.8603515625,0.83350501967649,-1.3861571609904388,-56.25434722279259,0.08493246660584221,
0.861328125,0.8285675227665287,-1.3908929157224794,-56.54464973257157,0.08400720147231382,
0.8623046875,0.8235807279585252,-1.3956286720049313,-56.813881184261135,0.08309043145594514,
0.86328125,0.8185458802035529,-1.4003644298336373,-57.062245209350834,0.08218209863042518,
0.8642578125,0.8134642306065913,-1.4051001892035377,-57.28995754600544,0.08128214522200228,
0.865234375,0.8083370359131405,-1.409835950108685,-57.497245540200005,0.08039051361220048,
0.8662109375,0.8031655579963197,-1.4145717125422577,-57.68434763287419,0.07950714634049055,
0.8671875,0.7979510633447343,-1.4193074764965774,-57.85151284439171,0.07863198610691725,
0.8681640625,0.7926948225514038,-1.4240432419631264,-57.9990002665105,0.07776497577468248,
0.869140625,0.7873981098040305,-1.4287790089325634,-58.127078547376016,0.07690605837268426,
0.8701171875,0.7820622023768955,-1.4335147773947432,-58.23602537415549,0.07605517709801252,
0.87109375,0.7766883801246575,-1.4382505473387344,-58.32612695992392,0.07521227531840083,
0.8720703125,0.7712779249783316,-1.4429863187528382,-58.39767753555239,0.07437729657463515,
0.873046875,0.7658321204437218,-1.4477220916246092,-58.45097884133442,0.07355018458291977,
0.8740234375,0.7603522511025744,-1.4524578659408736,-58.486339619321754,0.07273088323719959,
0.875,0.7548396021167189,-1.4571936416877487,-58.50407511279963,0.07191933661144065,
0.8759765625,0.7492954587354577,-1.4619294188506662,-58.50450657615676,0.07111548896186749,
0.876953125,0.7437211058064632,-1.4666651974143943,-58.487960782855254,0.07031928472915859,
0.8779296875,0.7381178272904334,-1.4714009773630536,-58.454769540048176,0.06953066854060005,
0.87890625,0.7324869057797571,-1.4761367586801446,-58.405269218211835,0.06874958521219675,
0.8798828125,0.7268296220214329,-1.4808725413485657,-58.33980028340932,0.06797597975074286,
0.880859375,0.7211472544444802,-1.4856083253506371,-58.25870683545295,0.06720979735585032,
0.8818359375,0.7154410786920814,-1.490344110668123,-58.16233615798118,0.0664509834219364,
0.8828125,0.709712367158679,-1.4950798972822539,-58.05103828067899,0.06569948354017084,
0.8837890625,0.7039623885322597,-1.4998156851737485,-57.92516554904804,0.06495524350038158,
0.884765625,0.6981924073420391,-1.5045514743228385,-57.785072200704256,0.06421820929292095,
0.8857421875,0.6924036835117671,-1.5092872647092892,-57.63111395490216,0.06348832711049102,
0.88671875,0.6865974719188573,-1.514023056312424,-57.46364761956155,0.06276554334992938,
0.8876953125,0.6807750219595503,-1.5187588491111461,-57.2830307005706,0.062049804613955706,
0.888671875,0.6749375771203009,-1.5234946430839622,-57.08962102273776,0.06134105771287778,
0.8896484375,0.6690863745555897,-1.5282304382090064,-56.88377637074349,0.06063924966625982,
0.890625,0.663222644672338,-1.53296623446406,-56.66585413662478,0.059944327704550764,
0.8916015625,0.65734761072111,-1.537702031826578,-56.43621097717869,0.059256239270674506,
0.892578125,0.651462488394276,-1.542437830273707,-56.195202486440735,0.05857493202158187,
0.8935546875,0.6455684854313022,-1.5471736297823124,-55.943182883234456,0.05790035382976394,
0.89453125,0.6396668012313329,-1.551909430328999,-55.68050470844262,0.0572324527847283,
0.8955078125,0.6337586264732156,-1.5566452318901323,-55.407518532175445,0.05657117719443705,
0.896484375,0.6278451427431223,-1.5613810344418613,-55.124572675834614,0.055916475586707835,
0.8974609375,0.6219275221699071,-1.5661168379601393,-54.832012951271146,0.0552682967105781,
0.8984375,0.6160069270683369,-1.570852642420748,-54.53018240550571,0.05462658953763193,
0.8994140625,0.6100845095903262,-1.575588447799315,-54.219421077919115,0.05399130326329118,
0.900390625,0.6041614113842966,-1.5803242540713371,-53.90006577663567,0.053362387308069865,
0.9013671875,0.59823876326278,-1.5850600612122017,-53.57244986250915,0.05273979131879272,
0.90234375,0.5923176848783748,-1.5897958691972036,-53.23690304303669,0.05212346516977853,
0.9033203125,0.5863992844081577,-1.5945316780015686,-52.89375118083641,0.051513358963987385,
0.904296875,0.5804846582466486,-1.5992674876004707,-52.54331611642233,0.0509094230341336,
0.9052734375,0.5745748907074191,-1.6040032979690537,-52.185915500028635,0.050311607943763305,
0.90625,0.5686710537334271,-1.6087391090824477,-51.82186263239889,0.04971986448829767,
0.9072265625,0.5627742066161555,-1.6134749209157886,-51.451466318931125,0.04913414369604221,
0.908203125,0.556885395723624,-1.6182107334442364,-51.0750307395817,0.04855439682916154,
0.9091796875,0.5510056542373393,-1.6229465466429922,-50.69285532225069,0.047980575384621166,
0.91015625,0.5451360018982385,-1.627682360487314,-50.30523462674199,0.047412631095095394,
0.9111328125,0.5392774447616787,-1.6324181749525386,-49.912458246784034,0.046850515929842323,
0.912109375,0.5334309749615149,-1.6371539900140912,-49.514810716327936,0.04629418209554634,
0.9130859375,0.527597570483304,-1.6418898056475064,-49.112571423506246,0.04574358203712757,
0.9140625,0.5217781949466669,-1.6466256218284414,-48.70601453728636,0.04519866843851977,
0.9150390625,0.5159737973968319,-1.6513614385326905,-48.2954089451234,0.04465939422341578,
0.916015625,0.5101853121053783,-1.6560972557362008,-47.881018197175,0.04412571255598162,
0.9169921875,0.5044136583801923,-1.660833073415085,-47.46310045679073,0.04359757684153943,
0.91796875,0.4986597403846401,-1.6655688915456341,-47.04190846137101,0.04307494072721896,
0.9189453125,0.49292444696595894,-1.6703047101043345,-46.61768949523187,0.042557758102578884,
0.919921875,0.48720865149285764,-1.6750405290678756,-46.19068536407123,0.042045983100197186,
0.9208984375,0.481513211702316,-1.6797763484131638,-45.76113237687844,0.04153957009623173,
0.921875,0.47583896955556226,-1.684512168117334,-45.32926134093561,0.04103847371095103,
0.9228515625,0.47018675110320673,-1.689247988157761,-44.89529755955633,0.04054264880923522,
0.923828125,0.4645573663594981,-1.6939838085120686,-44.45946083439562,0.04005205050104811,
0.9248046875,0.4589516091856696,-1.6987196291581406,-44.02196547623214,0.03956663414188013,
0.92578125,0.453370257182331,-1.70345545007413,-43.583020323855834,0.03908635533316259,
0.9267578125,0.44781407159086084,-1.7081912712384677,-43.14282876631657,0.03861116992265394,
0.927734375,0.44228379720374567,-1.7129270926298716,-42.70158876832003,0.038141034004797486,
0.9287109375,0.4367801622838084,-1.7176629142273547,-42.25949290255436,0.037675903921051926,
0.9296875,0.4313038784922629,-1.722398736010232,-41.81672839098492,0.03721573626019398,
0.9306640625,0.42585564082552807,-1.7271345579581279,-41.37347714423031,0.03676048785859415,
0.931640625,0.42043612756072474,-1.731870380050982,-40.92991580521398,0.03631011580046573,
0.9326171875,0.41504600020978244,-1.7366062022690572,-40.4862158036606,0.035864577418086886,
0.93359375,0.40968590348206924,-1.741342024592942,-40.04254340926267,0.03542383029199702,
0.9345703125,0.4043564652554591,-1.74607784700356,-39.59905978648239,0.03498783225116679,
0.935546875,0.3990582965557459,-1.7508136694821723,-39.155921055424386,0.03455654137314258,
0.9365234375,0.39379199154430594,-1.7555494920103816,-38.71327835732312,0.03412991598416596,
0.9375,0.38855812751391045,-1.7602853145701354,-38.271277920730626,0.03370791465926758,
0.9384765625,0.38335726489258326,-1.7650211371437319,-37.83006112817618,0.033290496222336714,
0.939453125,0.378189947255394,-1.7697569597138203,-37.38976458698829,0.03287761974616623,
0.9404296875,0.373056701344077,-1.7744927822634062,-36.95052020575365,0.03246924455247328,
0.94140625,0.3679580370943578,-1.7792286047758519,-36.5124552672854,0.03206533021189658,
0.9423828125,0.36289444767086915,-1.7839644272348791,-36.0756925033267,0.03166583654396954,
0.943359375,0.3578664095095335,-1.7887002496245714,-35.64035017608183,0.03127072361707055,
0.9443359375,0.35287438236728474,-1.7934360719293743,-35.20654215748168,0.030879951748350225,
0.9453125,0.3479188093790018,-1.798171894134095,-34.774378007875754,0.030493481503635764,
0.9462890625,0.3430001171215206,-1.8029077162239038,-34.34396305748765,0.030111273697313423,
0.947265625,0.33811871568458907,-1.8076435381843357,-33.91539849211558,0.029733289392188292,
0.9482421875,0.33327499874862837,-1.8123793600012879,-33.48878143430168,0.029359489899322726,
0.94921875,0.32846934366915936,-1.8171151816610207,-33.0642050250516,0.028989836777853162,
0.9501953125,0.3237021115677513,-1.821851003150156,-32.641758511074165,0.028624291834785515,
0.951171875,0.3189736474293483,-1.8265868244556769,-32.221527328722296,0.028262817124770183,
0.9521484375,0.3142842802058257,-1.8313226455649254,-31.803593186781068,0.027905374949855746,
0.953125,0.3096343229256275,-1.836058466465602,-31.38803415056862,0.027551927859222863,
0.9541015625,0.3050240728093336,-1.8407942871457623,-30.97492472782413,0.027202438648897865,
0.955078125,0.3004538113910039,-1.8455301075938166,-30.564335953529415,0.026856870361446527,
0.9560546875,0.2959238046451458,-1.8502659277985265,-30.156335471411683,0.026515186285648727,
0.95703125,0.2914343031191471,-1.855001747749001,-29.750987616719136,0.026177349956153367,
0.9580078125,0.28698554207102045,-1.8597375674346963,-29.348353502367523,0.02584332515311481,
0.958984375,0.2825777416122976,-1.8644733868454118,-28.948491099155856,0.025513075901810484,
0.9599609375,0.27821110685591693,-1.8692092059712855,-28.551455315420018,0.025186566472240123,
0.9609375,0.27388582806894235,-1.8739450248027927,-28.15729808081768,0.024863761378707182,
0.9619140625,0.26960208082995396,-1.8786808433307411,-27.766068426004104,0.024544625379382054,
0.962890625,0.2653600261909477,-1.8834166615462689,-27.377812559848618,0.024229123475848092,
0.9638671875,0.26115981084358203,-1.8881524794408373,-26.992573947551886,0.0239172209126303,
0.96484375,0.2570015672896121,-1.8928882970062304,-26.610393389593973,0.023608883176706934,
0.9658203125,0.2528854140153431,-1.8976241142345482,-26.231309097783345,0.023304075997004726,
0.966796875,0.24881145566994672,-1.9023599311182056,-25.855356768421814,0.023002765343877293,
0.9677734375,0.24477978324747265,-1.9070957476499244,-25.48256965595783,0.022704917428567603,
0.96875,0.24079047427239572,-1.91183156382273,-25.11297864857287,0.022410498702654737,
0.9697265625,0.23684359298853583,-1.916567379629948,-24.746612337871536,0.02211947585748457,
0.970703125,0.23293919055118747,-1.921303195065199,-24.383497087367395,0.02183181582358566,
0.9716796875,0.2290773052222996,-1.9260390101223936,-24.023657104386253,0.02154748577006962,
0.97265625,0.22525796256854344,-1.9307748247957286,-23.667114507550554,0.021266453104016838,
0.9736328125,0.22148117566210881,-1.9355106390796795,-23.313889391458453,0.020988685469847827,
0.974609375,0.2177469452840704,-1.940246452968997,-22.963999891764313,0.020714150748679834,
0.9755859375,0.21405526013016418,-1.9449822664587044,-22.617462251013656,0.020442817057669992,
0.9765625,0.210406097018819,-1.9497180795440887,-22.27429088081776,0.020174652749344178,
0.9775390625,0.20679942110128513,-1.9544538922206987,-21.934498420974133,0.019909626410912616,
0.978515625,0.20323518607370686,-1.9591897044843372,-21.598095799779315,0.01964770686357232,
0.9794921875,0.19971333439098402,-1.963925516331059,-21.265092294983248,0.019388863161796138,
0.98046875,0.19623379748227182,-1.9686613277571638,-20.935495588883747,0.01913306459260956,
0.9814453125,0.1927964959679684,-1.9733971387591918,-20.609311822669696,0.01888028067485454,
0.982421875,0.18940133987803962,-1.978132949333917,-20.286545653558576,0.018630481158441292,
0.9833984375,0.18604822887153646,-1.9828687594783456,-19.967200307652554,0.01838363602358821,
0.984375,0.18273705245715788,-1.9876045691897068,-19.651277630011897,0.0181397154800496,
0.9853515625,0.1794676902147158,-1.9923403784654514,-19.338778135121693,0.017898689966332416,
0.986328125,0.1762400120173622,-1.9970761873032443,-19.02970105764733,0.017660530148901236,
0.9873046875,0.17305387825443583,-2.0018119957009604,-18.72404440054825,0.017425206921372467,
0.98828125,0.16990914005479452,-2.006547803656679,-18.421804979704696,0.01719269140369779,
0.9892578125,0.166805639510495,-2.0112836111686794,-18.122978468830887,0.016962954941336747,
0.990234375,0.16374320990068855,-2.016019418235438,-17.82755944663234,0.01673596910441938,
0.9912109375,0.1607216759156012,-2.020755224855618,-17.535541437978193,0.016511705686898432,
0.9921875,0.1577408538804701,-2.025491031028072,-17.24691695387071,0.016290136705691828,
0.9931640625,0.15480055197930973,-2.030226836751829,-16.96167753406499,0.016071234399815674,
0.994140625,0.15190057047838412,-2.0349626420260964,-16.67981378657315,0.015854971229507436,
0.9951171875,0.1490407019492648,-2.0396984468502537,-16.40131542412214,0.01564131987534043,
0.99609375,0.14622073149135417,-2.044434251223845,-16.1261713005751,0.01543025323732895,
0.9970703125,0.14344043695375996,-2.0491700551465772,-15.854369449209894,0.01522174443402481,
0.998046875,0.1406995891564055,-2.053905858618314,-15.585897116918046,0.01501576680160553,
0.9990234375,0.1379979521102666,-2.0586416616390713,-15.320740796267227,0.014812293892953843,
1.0,0.13533528323662553,-2.0633774644371727,-15.057240601170184,0.014611299476729556,
